Burial_ID,burial_location_NS,burial_location_EW,low_pair_NS,high_pair_NS,low_pair_EW,high_pair_EW,burial_subplot,burial_depth,south_to_head,south_to_feet,east_to_head,east_to_feet,burial_situation,length_of_remains,burial_number,sample_number,gender_GE,GE_function_total,gender_body_col,basilar_suture,ventral_arc,subpubic_angle,sciatic_notch,pubic_bone,preaur_sulcus,medial_IP_ramus,dorsal_pitting,foreman_magnum,femur_head,humerus_head,osteophytosis,pubic_symphysis,bone_length,medial_clavicle,iliac_crest,femur_diameter,humerus,femur_length,humerus_length,tibia_length,robust,supraorbital_ridges,orbit_edge,parietal_bossing,gonian,nuchal_crest,zygomatic_crest,cranial_suture,maximum_cranial_length,maximum_cranial_breadth,basion_bregma_height,basion_nasion,basion_prosthion_length,bizygomatic_diameter,nasion_prosthion,maximum_nasal_breadth,interorbital_breadth,artifacts_description,hair_color,preservation_index,hair_taken,soft_tissue_taken,bone_taken,tooth_taken,textile_taken,description_of_taken,artifact_found,estimate_age,estimate_living_stature,tooth_attrition,tooth_eruption,pathology_anomalies,epiphyseal_union,year_found,month_found,day_found,head_direction0,,,,,,,,0,0,0,0,0,,,,,,,,,0,0,0,0,0,0,0,,,,,,,,,,,,,,,,,,,,,,0,0,0,0,0,0,0,0,0,,,,FALSE,FALSE,FALSE,FALSE,FALSE,,FALSE,,,,,,,,,,N 140/150  E 0/10  SE #20,N,E,140,150,0,10,SE,190,21,59,156,286,"bones and skull

Age: 18-24 years",,20,46,Female,890.9264,Female,,0,0,0,0,0,0,0,,,,,,,,,,,,,,0,0,0,0,0,0,0,,176.15,140.44,139.29,100.24,96.56,125.15,77.05,26.95,25.2,,Brown,,FALSE,FALSE,FALSE,FALSE,FALSE,,FALSE,,,,,,,,,,WestN 150/160  E 0/10  NW #9,N,E,150,160,0,10,NW,90,370,370,250,94,,,9,24,Female,840.9778,Female,,0,0,0,0,0,0,0,,,,,,,,,,,,,,0,0,0,0,0,0,0,,169.86,134.61,121.82,99.4,94.15,119.1,64.33,23.51,23.77,,,,FALSE,FALSE,FALSE,FALSE,FALSE,,FALSE,,,,,,,,,,N 150/160  W 0/10  NE #23,N,W,150,160,0,10,SE,130,540,450,290,60,,,23,65,Female,836.4952,Female,,0,0,0,0,0,0,0,,,,,,,,,,,,,,0,0,0,0,0,0,0,,170.9,131.34,120.4,93.66,85.86,118.33,63.43,23.55,21.93,,Brown,,FALSE,FALSE,FALSE,FALSE,FALSE,,FALSE,,,,,,,,,,WestN 170/180  E 20/30  SE #1,N,E,170,180,20,30,SE,60,237,240,130,72,"Basket case NO SKULL, NO FEMUR, NO HUMEROUS",70,1,,Undetermined,0,Male,,1,1,1,1,1,1,0,,,,,IV,,,,,,,,,0,0,0,0,0,0,0,,0,0,0,0,0,0,0,0,0,,,,FALSE,FALSE,TRUE,FALSE,FALSE,2 Ribs sampled,FALSE,,,,,,,2000,Feb,15,WestN 170/180  E 20/30  SE #10,N,E,170,180,20,30,SE,45,429,500,150,0,"Hair: Auburn

Textile: Black, white, red ribbon criss-crossing outer
Profuse red at feet
Black ribbon too fragile to collect
2 hats on back on head next to hair - open weave w/ border

4 reed sticks under body inside wrap from shoulder to feet - for support?",162,10,,Undetermined,0,Female,,3,3,3,3,3,3,0,,39.4,38,Heavy,,,,,,,42,28.5,,0,0,0,0,0,0,0,,0,0,0,0,0,0,0,0,0,,Brown,,FALSE,FALSE,FALSE,TRUE,TRUE,,FALSE,,157.84,V,,,,2000,Feb,14,WestN 170/180  E 20/30  SE #11,N,E,170,180,20,30,SE,22.6,191,183,261,100,"NO SKULL

Textile: Top layer 50cm wide
0.5cm band without waft on backside     ________
                                                                |    |      |    |
                                                                |    |      |    |
                                                                |    |      |    |
                                                                |__|___|__|
                                                                || || || || || || || |
                                                                || || || || || || || |
3 coarse layers w/ 15cm fringe - cross wrapping ribbon (was descent) on layer immediately next to skin.",182,11,,Undetermined,0,Male,,1,1,1,1,1,1,0,,47.5,,,IV,,,,,,49,,,0,0,0,0,0,0,0,,0,0,0,0,0,0,0,0,0,,,,FALSE,FALSE,FALSE,FALSE,FALSE,,FALSE,,179.21,,,,,2000,Feb,15,WestN 170/180  E 20/30  SE #12,N,E,170,180,20,30,SE,173,107,113,291,135,"NO SKULL

Textile: Well wrapped: extensive 4-strand red ribbon - linen in uniform bunch at head postion - looked like it was a wad
2 layers then strips crossing: wrap pattern repeated 6 times
one stick on each side 3 cloth layers up from body

(details for head wrap missing)",155,12,,Undetermined,0,Male,,1,1,1,1,1,1,0,,46.5,44,,,,,,,,46,33.3,,0,0,0,0,0,0,0,Closed,0,0,0,0,0,0,0,0,0,,,II,FALSE,FALSE,FALSE,FALSE,FALSE,,FALSE,,172.25,,,,,2000,Feb,14,WestN 170/180  E 20/30  SE #13,N,E,170,180,20,30,SE,55,447,530,60,-95,"Hair: Brown / Red

Textile: 34cm x 5cm PURPLE ribbon - 2 bands of PURPLE
5 sticks under body - each hold together w. coarse cord.",176,13,22,Female,883.0004,Male,Closed,0,1,1,1,1,1,0,,47.9,45,Moderate,IV,,,,,,47,34.2,39.4,1,0,1,0,1,1,0,,179.6,139.9,123.85,96.84,94.71,127.32,66.16,24.1,23.98,,Red,,FALSE,TRUE,TRUE,TRUE,TRUE,Lung,FALSE,,228.67,III,,,,2000,Feb,14,WestN 170/180  E 20/30  SE #14,N,E,170,180,20,30,SE,160,100,110,290,140,,160,14,,Undetermined,0,Male,Closed,1,1,1,1,0,1,0,,44.2,43.5,,IV,,,,,,,,,1,1,0,0,1,1,0,,0,0,0,0,0,0,0,0,0,,Brown,,FALSE,FALSE,FALSE,FALSE,FALSE,,FALSE,,,,,,,2000,Feb,15,WestN 170/180  E 20/30  SE #15,N,E,170,180,20,30,SE,160,75,96,285,125,"ROMAN PERIOD

Red & white ribbon

Textile: 7 layers + out wrap - twigs & palm sticks associated w/ burial wrapped w/ red & white ribbon
outer wrap coarse linen - 7 finer woven lineninside - Face bundle = many layers of folded linen wrapped w/ red & white ribbon - linen strap tied w/ thread over nose

Teeth: little chip in #9 - beautifully developed teeth, cavities in 2 back 3rd molars, front right tooth chipped slightly

Comments: Linen folded over feet toward front of body / palm sticks are inside wrappings - 7 layers inside tied w/ 2-3cm wide linen bands - a lot of palm rods inside coarse wrappings - outside - above fine wrapping inside.",165,15,,Undetermined,0,Male,Closed,1,1,1,1,0,1,1,,48,50,Slight,,,,,,,,,,1,1,1,1,1,1,1,Closed,0,0,0,0,0,0,0,0,0,Wood,Brown,II,FALSE,FALSE,TRUE,TRUE,TRUE,"Rib
1st molar - 2nd upper molar
Red & white ribbon / face pack",TRUE,25,,II,3rd molar,"1 lower incisor crowded & puched inward

Cavities in back 3rd molar - lower jaw",Yes,2000,Feb,21,WestN 170/180  E 20/30  SE #16,N,E,170,180,20,30,SE,75,500,485,150,-10,"ROMAN PERIOD

POORLY PRESERVED/WRAPPED

Flat chin indicates a MALE

Textile: coarse outer wrap - multiple inner wrapping - 14+ coarse outer wraps

Face bundle - not well preserved - many layers in face bundle

Beautiful long ft. / Right foot place over left foot in burial.",172,16,,Undetermined,0,Male,Closed,0,0,0,0,0,0,0,,48.5,55,,,,,,,,,,,3,0,1,0,1,1,3,Closed,0,0,0,0,0,0,0,0,0,,Brown,IV,FALSE,FALSE,FALSE,TRUE,FALSE,Taking lower right molar & lower left molar,FALSE,35,,,,"Upper molars lost - periodontal disease#3 / bad absess on lower right mandible

Cavities in molars - all of them.",,2000,Feb,21,WestN 170/180  E 20/30  SE #17,N,E,170,180,20,30,SE,83,480,475,145,80,"BURIED W/ 2 ADULTS (SE#17,18)

Textile: linen w/ PURPLE stripe - PURPLE stripe down length - front - PURPLE stripe goes over the head.",84,17,,Undetermined,0,Undetermined,,0,0,0,0,0,0,0,,,,,,,,,,,,,,0,0,0,0,0,0,0,,0,0,0,0,0,0,0,0,0,,Brown,III,FALSE,FALSE,TRUE,TRUE,FALSE,,FALSE,7,,,1st molar,,,2000,Feb,16,WestN 170/180  E 20/30  SE #18,N,E,170,180,20,30,SE,90,475,470,160,0,"ROMAN PERIOD

Hair: Red / Brown

Textile: Face bundle - nice
BADLY PRESERVED

Hemp rope - face bundle - beautiful hair",176,18,,Undetermined,0,Male,Closed,0,0,0,0,0,0,0,,,50,,,,,,,,,,,3,1,1,1,1,1,1,,0,0,0,0,0,0,0,0,0,,Red,IV,FALSE,FALSE,FALSE,TRUE,FALSE,Taking 2nd lower molar & 1 upper 2nd molar,FALSE,30,,,,,,2000,Feb,21,WestN 170/180  E 20/30  SE #19,N,E,170,180,20,30,SE,51,205,205,383,383,"UNDER PLUNDERED BURIAL - NO HONORS
ONLY KNEES TO FEET PRESERVED

LINEN WRAPPED - Red & White Ribbon

RIGHT FOOT OVER LEFT FOOT.",56,19,,Undetermined,0,Undetermined,,0,0,0,0,0,0,0,,,,,,,,,,,,,,0,0,0,0,0,0,0,,0,0,0,0,0,0,0,0,0,,,,FALSE,FALSE,FALSE,FALSE,FALSE,,FALSE,,,,,,,2000,Feb,21,N 170/180  E 20/30  SE #2,N,E,170,180,20,30,SE,47,66,0,250,0,"MISSING PELVIS, MISSING SKULL

MISC. BONES",,2,,Undetermined,0,Undetermined,,0,0,0,0,0,0,0,,45.3,35.7,,,,,,,,45,29,35,0,0,0,0,0,0,0,,0,0,0,0,0,0,0,0,0,,,,FALSE,FALSE,FALSE,FALSE,FALSE,,FALSE,,165.25,,,,,2000,Feb,21,N 170/180  E 20/30  SE #20,N,E,170,180,20,30,SE,70,215,240,570,370,"Palm branches w/ burial - multiple layers - POORLY PRESERVED - TALL PERSON - larvae in cloth & hair - wide pelvic notch - 

Textile: rope around linen - lower body (slide) - salt crystals underneath linen

A lot of dorsal pitting - deep.",198,20,,Undetermined,0,Undetermined,,0,3,3,3,0,0,3,,,,,,,,,,,,,,0,0,0,0,0,0,0,,0,0,0,0,0,0,0,0,0,,Brown,IV,FALSE,FALSE,FALSE,FALSE,FALSE,,FALSE,,,,,,,2000,Feb,21,WestN 170/180  E 20/30  SE #21,N,E,170,180,20,30,SE,230,130,40,100,-29,"SKELETON ONLY - NO TEXTILES - BURIED NAKED

not tall.",159,21,39,Female,889.0782,Female,,0,3,3,3,0,0,0,,46,44,,,,,,,,,,,3,3,3,3,3,3,3,,180.43,143.75,135.15,97.6,91.43,127.17,66.92,24.3,24.41,,,,FALSE,FALSE,FALSE,FALSE,FALSE,,FALSE,40,,,,No upper teeth - pre (anti) mortom - periodontal disease (advanced).,,2000,Feb,21,WestN 170/180  E 20/30  SE #22,N,E,170,180,20,30,SE,175,305,280,420,250,"POORLY PRESERVED / FEW TEXTILES

Textile: linen - little ribbon
some linen scraps",160,22,23,Male,917.6714,Male,Closed,0,1,1,1,0,0,0,,46.5,42,Slight,,,,,,,44.5,32.6,,1,1,1,1,1,1,1,Closed,188.57,138.21,134.35,109.49,95.42,124.86,75.1,24.37,26.01,,Brown,IV,FALSE,FALSE,FALSE,TRUE,FALSE,,FALSE,40,222.87,,3rd molar,,,2000,Feb,21,WestN 170/180  E 20/30  SE #23,N,E,170,180,20,30,SE,195,335,335,350,415,"CHILD

Textile: Beautiful PURPLE strip - PURPLE stripped linen bag w/ draw string - baby inside",45,23,,Undetermined,0,Undetermined,,0,0,0,0,0,0,0,,,,,,,,,,,,,,0,0,0,0,0,0,0,,0,0,0,0,0,0,0,0,0,,Red,,FALSE,FALSE,TRUE,FALSE,FALSE,3 Ribs,FALSE,2.5,,,2 lower front,,,2000,Feb,21,WestN 170/180  E 20/30  SE #24,N,E,170,180,20,30,SE,190,285,260,425,265,"Preservation Index: bewtween III & IV

Textile: (slide & sample) - long straight fringe linen - palm leaves / fronds - palm branches under outer wrap - coarse outer wrap w/ red & white ribbons - 7 wraps total inclupin (?)

Long straight black hair
Osteoporosis
Beautiful teeth",165,24,31,Male,934.8716,Male,Closed,0,0,1,1,0,0,1,,49,50,,,,,,,,,,,0,1,0,1,1,1,1,,189.03,135.47,136.16,104.23,94.07,133.22,69.11,23.18,26.21,,Black,IV,FALSE,FALSE,FALSE,TRUE,FALSE,Upper & lower molars - have samples,FALSE,,,,All molars,,,2000,Feb,21,WestN 170/180  E 20/30  SE #25,N,E,170,180,20,30,SE,135,310,325,190,0,PURPLE wool in linen wrap / wool disintegrating (slide taken) - LEAVING IN MAGZIN FOR FUTURE ANALYSIS.,180,25,,Undetermined,0,Undetermined,,0,0,0,0,0,0,0,,,,,,,,,,,,,,0,0,0,0,0,0,0,,0,0,0,0,0,0,0,0,0,,,,FALSE,FALSE,FALSE,FALSE,FALSE,,FALSE,,,,,,,2000,Feb,21,WestN 170/180  E 20/30  SE #26,N,E,170,180,20,30,SE,240,280,290,290,400,"YOUNG PERSON

Textile: linen wrap

femur head no developed - too young
basilar suture not closed all the way

Teeth: Hardly worn teeth - 2 molars on each side - bottom & top in - 3rd molar not in yet - ridges on bottom teeth indicating youth.",110,26,,Undetermined,0,Female,,0,0,3,0,0,0,0,,,,,,,,,,,,,,3,3,3,3,3,0,3,,0,0,0,0,0,0,0,0,0,,Brown,II,FALSE,FALSE,FALSE,TRUE,FALSE,,FALSE,14,,,,,,2000,Feb,21,EastN 170/180  E 20/30  SE #27,N,E,170,180,20,30,SE,125,420,425,410,350,"POOR PRESERVED - linen wrap, linen strips banding

Hair: blond / red

Textile: 7 layers of linen on head.",65,27,,Undetermined,0,Undetermined,,0,0,0,0,0,0,0,,,,,,,,,,,,,,0,0,0,0,0,0,0,,0,0,0,0,0,0,0,0,0,,Blonde,IV,FALSE,FALSE,TRUE,TRUE,FALSE,"2 teeth (molars)
Ribs",FALSE,6,,,1st molar,,,2000,Feb,22,WestN 170/180  E 20/30  SE #28,N,E,170,180,20,30,SE,130,240,245,460,395,"YOUNG - Badly preserved

Crystalline formation",65,28,,Undetermined,0,Undetermined,Open,0,0,0,0,0,0,0,,,,,,,,,,,,,,0,0,0,0,0,0,0,,0,0,0,0,0,0,0,0,0,,Blonde,V,FALSE,FALSE,FALSE,FALSE,FALSE,crystal from body,FALSE,3,,,None,,,2000,Feb,22,WestN 170/180  E 20/30  SE #29,N,E,170,180,20,30,SE,135,230,235,535,455,"CHILD

Textile: coarse linen - 3 layers - linen bands.",85,29,,Undetermined,0,Undetermined,Open,0,0,0,0,0,0,0,,,,,,,,,,,,,,0,0,0,0,0,0,0,,0,0,0,0,0,0,0,0,0,,,IV,FALSE,FALSE,FALSE,FALSE,FALSE,,FALSE,12,,,2nd molar,,,2000,Feb,22,WestN 170/180  E 20/30  SE #3,N,E,170,180,20,30,SE,55,365,369,247,106,"Hair: Blond / Brown

Arms @ side - left foot crosses right foot

Textile: 4-strand red ribbon outer wrap - some crossing - 10 layers of outer wrapping - exterior layer = finer weave than 9 interior layers
2cm wide coarse strips / wrapping under outside fine layer

Bound w/ reed stick interior along legs up to mid-rib cage.",156,3,,Undetermined,0,Female,,0,0,3,0,0,0,0,,44.2,39.9,Heavy,,,,,,,41.5,29.3,36,3,1,3,0,3,1,0,Closed,0,0,0,0,0,0,0,0,0,,Blonde,,FALSE,TRUE,TRUE,TRUE,FALSE,"Lung
Rib",FALSE,,156.605,V,,,,2000,Feb,12,WestN 170/180  E 20/30  SE #30,N,E,170,180,20,30,SE,130,345,325,185,20,"A LOT OF SKIN / BITOMINOUS MATERIAL (BLACK)

Bugs in pelvis

RIGHT FOOT OVER LEFT - Right upper orbit broken near nose

Textile: Face bundle - 

Hair: long brown hair",170,30,106,Female,863.8136,Female,Closed,0,3,3,3,0,0,0,,46.5,48,,,,,,,,,,,3,3,3,3,3,3,3,,174.92,136.82,127.43,92.41,88.61,121.52,73.03,26.18,22.52,,Brown,III,FALSE,FALSE,FALSE,FALSE,FALSE,,FALSE,23,,,2nd molar,,,2000,Feb,22,WestN 170/180  E 20/30  SE #31,N,E,170,180,20,30,SE,145,290,265,175,55,"BADLY DETERIORATED CHILD

Textile: No ribbons or banding - shrouded in coarse linen - finer underneath - then under that coarse w/ linen binding - then 15 layers of linen wrapping underneath.",125,31,,Undetermined,0,Undetermined,,0,0,0,0,0,0,0,,,,,,,,,,,,,,3,3,3,3,3,3,3,,0,0,0,0,0,0,0,0,0,,Brown,III,FALSE,FALSE,TRUE,TRUE,FALSE,,FALSE,,,,2nd molar,,No,2000,Feb,23,WestN 170/180  E 20/30  SE #32,N,E,170,180,20,30,SE,125,470,480,470,320,"Textile: Linen - red & white ribbon

Face bundle - in bad condition.",160,32,80,Male,896.1484,Male,Closed,1,1,1,1,0,0,0,,48.5,42.4,,,,,,,,,,,3,1,1,1,1,1,1,,174.77,137.25,135.95,100.66,90.06,127.66,70.32,23.23,20.14,,Red,IV,FALSE,FALSE,TRUE,TRUE,FALSE,,FALSE,38,,IV,3rd molar,"Tooth attrition: between III & IV

3rd molar in then lost.",,2000,Feb,23,WestN 170/180  E 20/30  SE #33,N,E,170,180,20,30,SE,135,470,470,480,320,"Preservation Index: between III & V

Palm branches inside wrapping

Textile: red & white ribbon
Face bundle - coarse - fine - coarse

All layers next to body carbonized - photo taken",174,33,81,Male,932.9494,Male,Closed,1,1,1,1,0,0,1,,52,46.5,,,,,,,,,,,3,1,1,1,3,3,3,,188.68,145.5,137.52,112.38,98.16,128.97,72.98,22.02,24.2,,Red,V,FALSE,FALSE,TRUE,FALSE,TRUE,red & black threads on linen wrapped w/ red & white ribbon - palm branches inside wrapof feet.,FALSE,,,III,3rd molar,Upper & lower molars missing - 3rd molar had erupted.,,2000,Feb,23,WestN 170/180  E 20/30  SE #34,N,E,170,180,20,30,SE,75,40,50,375,305,"POORLY PRESERVED - Dates listed w/ burial

Hair: red / brown

Hands: Fingers, fingernails well preserved

Textile: Red & white ribbon & cord - heavy coarse weave - wrappings = rope wrap underneath & on top.",80,34,,Undetermined,0,Undetermined,,0,0,0,0,0,0,0,,,,,,,,,,,,,,0,0,0,0,0,0,0,Open,0,0,0,0,0,0,0,0,0,Pottery - wine drinking cups - Roman dishes (ridges & shapes) - Glass beads found w/ burial around neck.,Red,IV,FALSE,FALSE,TRUE,TRUE,FALSE,,TRUE,7,,,1st molar,,,2000,Feb,23,WestN 170/180  E 20/30  SE #35,N,E,170,180,20,30,SE,145,335,330,180,0,"Hair: red / brown

Textile: heavy linen wrappings w/ red & white ribbon - 2 layers of linen fine then red thread - LOTS OF BUGS / larvae (flourescent) in head / hair

PHOTO TAKEN - 
LARGE KNOT -",185,35,90,Male,941.2778,Male,,0,1,1,0,0,0,3,,49.5,43.6,,,,,,,,,,,0,0,1,0,1,0,0,,186.98,137.89,131.82,99.46,94.16,127.82,93.97,23.13,21.36,Wood piece found on shoulder,Red,III,FALSE,FALSE,TRUE,TRUE,TRUE,Wool Fabric in welf of linen - nice samples,TRUE,,,II,3rd molar,1st molar missing below,,2000,Feb,23,WestN 170/180  E 20/30  SE #36,N,E,170,180,20,30,SE,95,110,0,440,0,"IN PIECES - ONLY CLOTH

NEW BORN to 1 YEAR",,36,,Undetermined,0,Undetermined,,0,0,0,0,0,0,0,,,,,,,,,,,,,,0,0,0,0,0,0,0,,0,0,0,0,0,0,0,0,0,,Red,,FALSE,FALSE,TRUE,FALSE,TRUE,"Ribs
Cloth taken",FALSE,1,,,,,,2000,Feb,23,N 170/180  E 20/30  SE #37,N,E,170,180,20,30,SE,168,415,417,475,420,SMALL CHILD - POORLY PRESERVED,70,37,,Undetermined,0,Undetermined,Open,0,0,0,0,0,0,0,,,,,,,,,,,,,,0,0,0,0,0,0,0,,0,0,0,0,0,0,0,0,0,,Red,V,FALSE,FALSE,FALSE,FALSE,FALSE,,FALSE,3,,,,,,2000,Feb,23,WestN 170/180  E 20/30  SE #38,N,E,170,180,20,30,SE,175,420,420,410,335,"CHILD

Textile: Linen plain - coarse linen next to skin - finer on exterior on head - coarser exterior on legs - finer exterior linen begins at thighs & going over body - fiber rope wrap - finen linen only in on front - wrapping on interior = coarse / fine / coarse - rope holding 3 layers linen.",80,38,,Undetermined,0,Undetermined,,0,0,0,0,0,0,0,,,,,,,,,,,,,,0,0,0,0,0,0,0,,0,0,0,0,0,0,0,0,0,,Blonde,III,FALSE,FALSE,FALSE,FALSE,FALSE,,FALSE,11,,,2nd molars,,,2000,Feb,23,WestN 170/180  E 20/30  SE #39,N,E,170,180,20,30,SE,195,425,425,475,325,"Head west

Textile: Linen nubby - rough exterior linen becoming finer inside - under layers linen also wrapped & tied linen strips - under outer wrap 3 BIG layers w/ fringe - sample taken - bottom layer was rope fringe - 3 layers w/ rope fringe then another w/ loose fringe - Face bundle - many layers of linen - 7 layers linen - linen strips tied in knot in back - looped through self for half-hitch knots.

3 PHOTOS TAKEN",170,39,,Undetermined,0,Undetermined,,0,0,1,1,0,0,3,,47.1,42.1,None,,,,,,,,,,0,0,0,0,0,0,0,,0,0,0,0,0,0,0,0,0,,,III,FALSE,FALSE,FALSE,FALSE,TRUE,Fabric,FALSE,,,II,3rd molar,No cavities,,2000,Feb,22,WestN 170/180  E 20/30  SE #4,N,E,170,180,20,30,SE,46,355,354,167,94,"INFANT

Hair: auburn

Textile: coarse weave / red & white ribbon

Crosote hay on chest",85,4,,Undetermined,0,Undetermined,,0,0,0,0,0,0,0,,16.6,,,,,,,,,16,,,0,0,0,0,0,0,0,,0,0,0,0,0,0,0,0,0,"Brass bracelet
Bead bracelet",Brown,,FALSE,TRUE,FALSE,FALSE,FALSE,Chest area,TRUE,5,93.62,,,,,2000,Feb,12,WestN 170/180  E 20/30  SE #40,N,E,170,180,20,30,SE,257,200,190,390,510,REVERSAL,140,40,,Undetermined,0,Female,,0,0,0,0,0,0,0,,,,,,,,,,,,,,3,3,3,3,3,3,3,,0,0,0,0,0,0,0,0,0,,Brown,,FALSE,FALSE,FALSE,TRUE,FALSE,,FALSE,15,,II,2nd molar,,,2000,Feb,23,EastN 170/180  E 20/30  SE #41,N,E,170,180,20,30,SE,260,220,210,393,515,"REVERSAL - HEAD EAST

No textile",145,41,87,Female,842.7956,Female,,3,3,3,3,0,0,3,,40,38.3,,II,,,,,,,,,3,3,3,3,0,3,3,,165.23,142.44,121.77,92.51,92.27,119.74,73.55,23.39,20.85,,Brown,V,FALSE,FALSE,TRUE,TRUE,FALSE,,FALSE,,,,3rd molar,,,2000,Feb,23,EastN 170/180  E 20/30  SE #42,N,E,170,180,20,30,SE,210,270,280,160,20,Head West,140,42,,Undetermined,0,Male,Closed,0,1,1,1,0,0,0,,49.6,43.6,None,,,,,,,,,,3,1,1,1,1,1,1,,0,0,0,0,0,0,0,0,0,,Brown,V,FALSE,FALSE,FALSE,TRUE,FALSE,Tooth for DNA,FALSE,,,III,3rd molar,,Yes,2000,Feb,23,WestN 170/180  E 20/30  SE #43,N,E,170,180,20,30,SE,220,440,450,510,335,"Head West

Hair: Brown / Red
Beard: Red beard

PHOTO TAKEN",165,43,77,Male,925.6816,Male,Closed,1,1,1,1,0,0,1,,54,49.2,,,,,,,,,,,1,1,1,0,1,1,1,,186.52,146.8,133.94,109.15,96.41,131.73,65.1,27.7,22.13,,Brown,V,FALSE,FALSE,TRUE,FALSE,FALSE,,FALSE,,,V,,All teeth gone except #9 - #9 has a cavity,,2000,Feb,23,WestN 170/180  E 20/30  SE #44,N,E,170,180,20,30,SE,220,420,410,255,335,"REVERSAL - HEAD EAST (PRECHRISTIAN)

VERY POORLY PRESERVED SKELETON

Small amount of textile",80,44,,Undetermined,0,Undetermined,,0,0,0,0,0,0,0,,,,,,,,,,,,,,0,0,0,0,0,0,0,,0,0,0,0,0,0,0,0,0,,,V,FALSE,FALSE,TRUE,TRUE,TRUE,Textile: green w/ dark strip,FALSE,12,,,2nd molar,,,2000,Feb,23,EastN 170/180  E 20/30  SE #45,N,E,170,180,20,30,SE,245,310,150,360,340,"REVERSAL - HEAD EAST

SKELETON ONLY

Hair: brown / red

Textile: linen scraps - medium weave",180,45,,Undetermined,0,Male,Closed,0,0,3,0,0,0,1,,48.4,43,,,,,,,,,,,3,1,1,1,1,1,1,,0,0,0,0,0,0,0,0,0,,Brown,V,FALSE,FALSE,TRUE,TRUE,FALSE,"Ribs
Upper molar",FALSE,25,,II,3rd molar,Upper molars lost during life,,2000,Feb,23,EastN 170/180  E 20/30  SE #46,N,E,170,180,20,30,SE,200,420,430,175,0,"POORLY PRESERVED - SEEMS TO BE WEALTH B/C 21 LAYERS OF COARSE LINEN

Head West

Textile: Large face bundle - many layers - large rope twist - 7 layers - 25 folded layers over face",178,46,86,Male,895.9896,Male,Closed,0,3,1,1,0,0,1,,46.5,43.6,,,,,,,,,,,1,1,0,1,1,1,3,,177.88,145.38,136.95,102.01,98.4,128.9,68.63,23.74,22.19,,Brown,IV,FALSE,FALSE,FALSE,TRUE,FALSE,,FALSE,30,,,3rd molar,,,2000,Feb,23,WestN 170/180  E 20/30  SE #47,N,E,170,180,20,30,SE,255,210,50,395,410,"REVERSAL - HEAD EAST

POORLY PRESERVED",180,47,,Undetermined,0,Female,Closed,3,3,3,3,0,0,0,,41,35.7,,,,,,,,,,,3,0,1,1,1,3,1,,0,0,0,0,0,0,0,0,0,,Brown,V,FALSE,FALSE,TRUE,TRUE,FALSE,,FALSE,,,II,3rd molar,Upper teeth missing,,2000,Feb,23,EastN 170/180  E 20/30  SE #5,N,E,170,180,20,30,SE,74,320,357,319,169,"NO SKULL

Hair: Auburn
Pubic hair:

Heavy resin in abdomen

Textile: 4 layers coarse cloth - ? Coat on ventral",147,5,,Undetermined,0,Male,,0,1,1,0,1,1,0,,47,45.4,,,,,,,,46,33,38,0,0,0,0,0,0,0,,0,0,0,0,0,0,0,0,0,,Brown,,FALSE,FALSE,FALSE,FALSE,FALSE,,FALSE,,172.25,,,,,2000,Feb,12,WestN 170/180  E 20/30  SE #6,N,E,170,180,20,30,SE,61,205,210,239,90,"Hair: auburn

Textile: coarse outer, multiple linen interior

4 layers coarse
7 layers line",160,6,,Undetermined,0,Female,,0,3,3,3,3,0,0,,40.1,30.92,Slight,II,,,,,,39,28,38.5,3,3,3,0,3,0,3,,0,0,0,0,0,0,0,0,0,,Brown,,FALSE,FALSE,FALSE,FALSE,FALSE,,FALSE,20,150.43,III,,,,2000,Feb,12,WestN 170/180  E 20/30  SE #7,N,E,170,180,20,30,SE,23,204,0,485,0,"DISTURBED - Plundered / Distrubed

CHILD / INFANT skull in magani red hair

2 humerous of different sizes
2 mandibles - exterior peaudo?

1 left pelvic girdle
2 femurs

Textile: Red, PURPLE fine weave pattern - coarse weave w/ 6 fringe - yellow, red, blue.",,7,,Undetermined,0,Male,,1,1,1,1,1,1,0,,42.5,,,,,,,,,44,,,0,0,0,0,0,0,0,,0,0,0,0,0,0,0,0,0,,Red,,FALSE,FALSE,FALSE,FALSE,FALSE,,FALSE,,167.61,,,,,2000,Feb,13,N 170/180  E 20/30  SE #8,N,E,170,180,20,30,SE,70,381,0,28,69,"INFANT 

Textile: coarse yellow w/ blue thread outer layer - multi patched inner fine linen

No evidence of tooth eruption.",40,8,,Undetermined,0,Undetermined,Open,0,0,0,0,0,0,0,,,,,,,,,,,8.2,,,0,0,0,0,0,0,0,,0,0,0,0,0,0,0,0,0,,,,FALSE,FALSE,TRUE,FALSE,TRUE,Rib sampled,FALSE,,74.354,,None,,,2000,Feb,13,EastN 170/180  E 20/30  SE #9,N,E,170,180,20,30,SE,27,500,500,165,0,"chest area affected by salt deposits from rock

Textile: 9 layers of wrap - each uniform

some wraps between legs - reed sticks on both sides (3 left, 2 right) - 3-strand red ribbon over outer body w/ crossing pattern
Head wrap - multiple layers w/ strips - bunched at maxilla and tucked under      
                                                             
3 layers of wrapping next to body / sticks / one layer coarse wrapping.",165,9,26,Female,859.1662,Male,,1,1,1,0,1,1,0,,40,37.7,,,,,,,,40,,34.4,1,1,1,1,1,1,0,,170.96,133.35,130.51,88.9,86.2,125.65,64.54,24.15,25.92,,Brown,,FALSE,FALSE,TRUE,TRUE,TRUE,,FALSE,,212.43,,,,,2000,Feb,13,WestN 180/190  E 40/50  NW #23,N,E,180,190,40,50,NW,0,0,0,0,0,"On edge of area - sole burial 

Textile: outer= coarse linen - jute twine - double strand rope - twine wrap
red threads in outer linen at feet .75cm wide running length of body
fine linen w/ wool thread woven some hem evident",,23,,Undetermined,0,Undetermined,,0,0,0,0,0,0,0,,,,,,,,,,,,,,0,0,0,0,0,0,0,,0,0,0,0,0,0,0,0,0,Necklace - woven of 13 red threads - twisted w/ 2 bone beads at each end to act as the end holders - like on shoelaces.,Brown,IV,FALSE,FALSE,TRUE,FALSE,TRUE,Bone: ribs,TRUE,2,,,2 front teeth,,,2003,Feb,3,N 180/190  E 40/50  NW #24,N,E,180,190,40,50,NW,200,0,0,0,0,"In a shaft - bottom burial

Textile: 2 types of textile - outer = coarse & fragile linen
inner = fine

Age: between 12-13 yrs.

Stature: femur & humerus measured w/o heads",,24,,Undetermined,0,Female,,0,0,3,0,0,0,0,,,,,,,,,,,20.5,17.1,,3,3,0,0,3,0,0,Open,0,0,0,0,0,0,0,0,0,,Brown,V,FALSE,FALSE,FALSE,FALSE,FALSE,,FALSE,12,104.735,,2nd molar,,No,2003,Feb,3,N 180/190  E 40/50  NW #25,N,E,180,190,40,50,NW,0,0,0,0,0,"(RPE 5/12/03)

NUMBER NOT USED",,25,,Undetermined,0,,,0,0,0,0,0,0,0,,,,,,,,,,,,,,0,0,0,0,0,0,0,,0,0,0,0,0,0,0,0,0,,,,FALSE,FALSE,FALSE,FALSE,FALSE,,FALSE,,,,,,,2003,Feb,3,N 180/190  E 40/50  NW #26,N,E,180,190,40,50,NW,0,0,0,0,0,RESERVED FOR ANALYSIS IN FUTURE SEASONS @ REQUEST OF Fayum Antiquetic - Ali Bazeedi (RPE 5/12/03),,26,,Undetermined,0,,,0,0,0,0,0,0,0,,,,,,,,,,,,,,0,0,0,0,0,0,0,,0,0,0,0,0,0,0,0,0,,,,FALSE,FALSE,FALSE,FALSE,FALSE,,FALSE,,,,,,,2003,Feb,4,N 180/190  E 40/50  NW #27,N,E,180,190,40,50,NW,0,0,0,0,0,"Skull & feet ok - middle of body not well preserved

Textile: square ribbon wrapon head - criss-cross on body
coarse exterior 
fine interior w/ red & green band in linen fragment
extra linen turned up over feet

Face bundle - with folded linen & twisted linen on top
2 kinds of ribbon = 1) regular linen w/ wool threads (red) 2) torn & folded for outer wrapping coarse",,27,,Undetermined,0,Male,,0,0,1,0,0,1,0,,48,43.7,,,,,,,,45.7,31.5,,0,1,1,1,1,1,1,,0,0,0,0,0,0,0,0,0,,Brown,V,FALSE,FALSE,FALSE,FALSE,FALSE,,FALSE,,171.554,III,3rd molar,extensive periodontal disease - missing teeth & reabsorbtion of bone,,2003,Feb,4,N 180/190  E 40/50  NW #28,N,E,180,190,40,50,NW,0,0,0,0,0,"In shaft w/ rocks on southside

Hair: beard & mustache = a lot

Textile: coarse linen has 3-cord weave as in past

Face bundle - with folded linen & twisted linen on top

from outer to in:
------- wrap
==== coarse & wrap 
==== fine
fine exterior linen = criss-cross wrap of ribbons, some fine, some torn & rough some wrappings & riboons under outer layer
2 layers then 5 fine layers in interior
ends of linen - 3cm of fringe.",,28,,Undetermined,0,Male,,0,3,3,0,0,0,0,,49.3,46.1,,,,,,,,46.5,32.2,,0,1,1,1,0,0,0,,0,0,0,0,0,0,0,0,0,,Red,,FALSE,FALSE,FALSE,FALSE,FALSE,,FALSE,,173.41,IV,3rd molar,"Molars gone, bone reabsorbed - abscess on right mandible - most teeth badly worn away",,2003,Feb,4,N 180/190  E 40/50  NW #29,N,E,180,190,40,50,NW,0,0,0,0,0,"Deep skeleton - in shaft

Hair: brown, long, curly

Textile: a small amount of fine linen on the head",,29,,Undetermined,0,Male,,0,0,1,0,0,0,0,,45.1,40.7,,,,,,,,41.5,30.8,,1,1,1,1,1,0,1,,0,0,0,0,0,0,0,0,0,,Brown,,FALSE,FALSE,FALSE,TRUE,FALSE,,FALSE,,161.81,II,3rd molar,3rd molars have carries - no periodontal disease - cusps still defined,,2003,Feb,4,N 180/190  E 40/50  NW #30,N,E,180,190,40,50,NW,0,0,0,0,0,"CHILD

Top of 3 burial unit

Hair: golden brown, blond, very fine

Textile: 7 layers of cloth on head - 2 inner most layers = fine
outside wrap - medium coarse - double twist jute twine over linen, knotted @ chest

NO RED RIBBON on this burial, but 2 below it had red ribbon wrapping.",,30,,Undetermined,0,Undetermined,,0,0,0,0,0,0,0,,,,,,,,,,,,,,0,0,0,0,0,0,0,Open,0,0,0,0,0,0,0,0,0,,Blonde,IV,FALSE,FALSE,FALSE,FALSE,FALSE,,FALSE,5,,,,No molars erupted but 1st molars almost erupting,,2003,Feb,5,N 180/190  E 40/50  NW #31,N,E,180,190,40,50,NW,0,0,0,0,0,"CHILD

Middle of 3 burials

Hair: red/brown

Textile: 7 coarse layers inside 2 fine layers outside
fine layers have purple thread pattern in them

outer ribbon = 4-strand red ribbon

Face bundle - inner layer of red ribbon as well as outer and so on - 3 in total - folded not twisted 

Feet - wrapped w/ coarse linen strips.",,31,,Undetermined,0,Female,,0,0,0,0,0,0,0,,,,,,,,,,,,,,0,3,3,3,0,0,3,,0,0,0,0,0,0,0,0,0,,Red,III,FALSE,FALSE,FALSE,FALSE,FALSE,,FALSE,12,,,2nd molars,,,2003,Feb,5,N 180/190  E 40/50  NW #32,N,E,180,190,40,50,NW,0,0,0,0,0,"Bottom of 3 burial cluster

Hair: red/brown

Textile: Outer layer wraps - white ribbon for most of body - red - 4-strand ribbon on feet & head - good head bundle, but only folded - not twisted

layering of linen - 
1 ribbon
1 linen fine
1 linen strap
3 wave wrap 
1 wave strap
4 rough wave linen",,32,,Undetermined,0,Undetermined,,0,0,1,0,0,0,0,,40.7,,,,,,,,,41.9,29.7,,1,0,1,1,1,0,1,,0,0,0,0,0,0,0,0,0,,Red,II,FALSE,FALSE,FALSE,FALSE,FALSE,,FALSE,,157.593,II,2nd molars,"3rd molars near eruption

Humerous w/o head

Tooth attrition - between 1 & 2",Not complete,2003,Feb,5,N 180/190  E 40/50  NW #33,N,E,180,190,40,50,NW,0,0,0,0,0,"ADULT LARGE - match in garlands (2) & wraps for NW26

Preservation Index: between IV & V

Textile: 2 reed-palm garlands around neck

multiple layers of linen at feet -
4-strand - red ribbon fringe 2-3cm long
8 layers of fine weave close to body then 2 layers of medium then 13 layers of coarse outer wraps

AT LEAST 23 LAYERS",,33,,Undetermined,0,Male,,0,1,1,0,0,1,0,,50,44.7,,,,,,,,49,33.7,,0,0,0,0,0,0,0,,0,0,0,0,0,0,0,0,0,,Brown,V,FALSE,FALSE,FALSE,FALSE,FALSE,,FALSE,,179.21,III,3rd molar,"Extensive perio

Tooth attrition - between III & IV

most teeth missing - much bone reabsorbtion & abscess in left mandible",,2003,Feb,13,N 180/190  E 40/50  NW #34,N,E,180,190,40,50,NW,0,0,0,0,0,Textile: fine linen - not marked or colored,,34,,Undetermined,0,Undetermined,,0,0,0,0,0,0,0,,,,,,,,,,,17,12.8,,0,0,0,0,0,0,0,,0,0,0,0,0,0,0,0,0,,,,FALSE,FALSE,FALSE,FALSE,FALSE,,FALSE,12,96.09,I,2nd molar,Femur & Humerous measured w/o heads,,2003,Feb,8,N 180/190  E 40/50  NW #35,N,E,180,190,40,50,NW,0,0,0,0,0,"Textile: fine weave inside & outside w/ several coarse layers inbetween -
outer layer w/ red banding

Face bundle - large face bundle, but just wads of cloth.",,35,,Undetermined,0,Undetermined,,0,0,1,0,0,0,0,,,,,,,,,,,42.9,29.5,,0,0,1,3,0,0,0,Closed,0,0,0,0,0,0,0,0,0,,Brown,V,FALSE,FALSE,FALSE,FALSE,FALSE,,FALSE,16,160.063,I,2nd molar,Femur & Humerous measured w/o head,Not complete,2003,Feb,13,N 180/190  E 40/50  NW #36,N,E,180,190,40,50,NW,0,0,0,0,0,RESERVED FOR ANALYSIS IN FUTURE SEASONS AT REQUEST OF Fayum Antiquities - Ali Bazeedi (RPE 5/12/03),,36,,Undetermined,0,,,0,0,0,0,0,0,0,,,,,,,,,,,,,,0,0,0,0,0,0,0,,0,0,0,0,0,0,0,0,0,,,,FALSE,FALSE,FALSE,FALSE,FALSE,,FALSE,,,,,,,2003,Feb,8,N 180/190  E 40/50  NW #37,N,E,180,190,40,50,NW,0,0,0,0,0,No Textiles,,37,,Undetermined,0,Male,,0,0,1,0,0,1,0,,46.2,47.2,,,,,,,,41.2,30.2,,1,1,1,1,1,0,1,,0,0,0,0,0,0,0,0,0,,Brown,,FALSE,FALSE,FALSE,FALSE,FALSE,,FALSE,,161.114,III,3rd molar,"Tooth attrition: between III & IV

some carries on 1st molar - some periodontal disease",,2003,Feb,8,N 180/190  E 40/50  NW #38,N,E,180,190,40,50,NW,0,0,0,0,0,"In small chamber to south of shaft adjacent to NW24

CHILD

No Textiles",,38,,Undetermined,0,Undetermined,,0,0,0,0,0,0,0,,,,,,,,,,,,,,0,0,0,0,0,0,0,,0,0,0,0,0,0,0,0,0,,,V,FALSE,FALSE,FALSE,FALSE,FALSE,,FALSE,1.5,,,,,,2003,Feb,8,N 180/190  E 40/50  NW #39,N,E,180,190,40,50,NW,0,0,0,0,0,RESERVED FOR ANALYSIS IN FUTURE SEASON AT REQUEST OF Fayum Antiquities - Ali Bazeedi (RPE 5/12/03),,39,,Undetermined,0,,,0,0,0,0,0,0,0,,,,,,,,,,,,,,0,0,0,0,0,0,0,,0,0,0,0,0,0,0,0,0,,,,FALSE,FALSE,FALSE,FALSE,FALSE,,FALSE,,,,,,,2003,Feb,9,N 180/190  E 40/50  NW #40,N,E,180,190,40,50,NW,0,0,0,0,0,"REVERSAL - HEAD EAST in offset of shaft

No Textiles",,40,,Undetermined,0,Male,,0,0,1,0,0,1,0,,44,40,,,,,,,,41.4,30.1,,0,1,1,1,0,0,1,,0,0,0,0,0,0,0,0,0,,Brown,V,FALSE,FALSE,FALSE,FALSE,FALSE,,FALSE,40,161.578,III,3rd molar,"Large cavity on 2nd molar - left mandible

No perio",,2003,Feb,9,N 180/190  E 40/50  NW #41,N,E,180,190,40,50,NW,0,0,0,0,0,"MISSING SKULL - except part of mandible

Textile: some jute rope wrapped around linen
yellow & green wool - closest to body - but maybe more - 
some red anciently & blue - only thread now.",,41,,Undetermined,0,Undetermined,,0,0,0,0,0,0,0,,,,,,,,,,,,,,0,0,0,0,0,0,0,,0,0,0,0,0,0,0,0,0,,,IV,FALSE,FALSE,FALSE,FALSE,FALSE,,FALSE,12.5,,,2nd molar,,,2003,Feb,9,N 180/190  E 40/50  NW #42,N,E,180,190,40,50,NW,0,0,0,0,0,Textile: Face bundle - reeds & linen - 1 part braided & tied on head - totally decomposed.,,42,,Undetermined,0,Undetermined,,0,0,0,0,0,0,0,,,,,,,,,,,,,,0,0,0,0,0,0,0,,0,0,0,0,0,0,0,0,0,"7 glass beads -
4 blue
1 green-black
1 silver
1 bone",,IV,FALSE,FALSE,FALSE,FALSE,FALSE,,TRUE,8.5,,,1st molar,2nd molar beginning to erupt,,2003,Feb,9,N 180/190  E 40/50  NW #44,N,E,180,190,40,50,NW,0,0,0,0,0,"PART OF CLUSTER OF 5 CHILDREN

Textile: fabric on head - some at feet 
in most fabric - medium fine linen w/ no obvious pattern or color
4 layer on the head

Face bundle - has fiber - 10cm2 after being folded - another piece folded 4 times (1/2, 1/2, 1/2, 1/2) - some fibers in bundle - horizontal jute rope around face w/ 2 vertical around the bundle - 2 layers of fine & 1 or coarse linen.",,44,,Undetermined,0,Undetermined,,0,0,0,0,0,0,0,,,,,,,,,,,,,,0,0,0,0,0,0,0,,0,0,0,0,0,0,0,0,0,,Brown,IV,FALSE,FALSE,TRUE,FALSE,FALSE,Ribs sampled,FALSE,,,,,,,2003,Feb,9,N 180/190  E 40/50  NW #45,N,E,180,190,40,50,NW,0,0,0,0,0,"PART OF A CLUSTER OF 5 CHILDREN

Textile: fine linen on head - some design - red maybe hairnet - fragile.",,45,,Undetermined,0,Undetermined,,0,0,0,0,0,0,0,,,,,,,,,,,,,,0,0,0,0,0,0,0,,0,0,0,0,0,0,0,0,0,,Brown,V,FALSE,FALSE,TRUE,FALSE,FALSE,Ribs sampled,FALSE,1,,,none,,none,2003,Feb,9,N 180/190  E 40/50  SW #1,N,E,180,190,40,50,SW,10,114,116,160,226,NO DATASHEET (RPE 5/12/03),69,1,,Undetermined,0,,,0,0,0,0,0,0,0,,,,,,,,,,,,,,0,0,0,0,0,0,0,,0,0,0,0,0,0,0,0,0,,,,FALSE,FALSE,FALSE,FALSE,FALSE,,FALSE,,,,,,,2003,Feb,9,WestN 180/190  E 40/50  SW #10,N,E,180,190,40,50,SW,80,350,350,150,0,"Skin: skin on lower portion

Textiles: textiles under the head
1) both fine & coarse 
2) 4 medium coarse, covered by 1 fine
3) ribbon - 4 red-strand ribbons
4) no color in fabric - long fringe 6cm

double twisted hemp to hold reed garland in place
reed garland tied w/ palm strands - palm strips - all braided in triple strands.",150,10,,Undetermined,0,Female,,0,0,3,0,0,3,0,,38.2,38.1,,,,,,,,42.9,29.3,,0,3,3,3,3,0,0,,0,0,0,0,0,0,0,0,0,,,IV,FALSE,FALSE,FALSE,FALSE,FALSE,,FALSE,,160.063,II,3rd molar,"Tooth attrition: between II & III

No carries, some perio in molar area",,2003,Feb,8,WestN 180/190  E 40/50  SW #11,N,E,180,190,40,50,SW,90,100,100,205,130,"Burial adjacent to woven basket

CHILD

Skin intact

Textile: textiles at feet - coarse w/ fringe 6-8cm
also a fine linen",85,11,,Undetermined,0,Female,,0,0,0,0,0,0,0,,,,,,,,,,,,,,0,3,3,3,0,0,3,,0,0,0,0,0,0,0,0,0,,,III,FALSE,FALSE,FALSE,FALSE,FALSE,,FALSE,12,,I,2nd molar,,,2003,Feb,8,WestN 180/190  E 40/50  SW #12,N,E,180,190,40,50,SW,75,415,470,365,220,"MATCHED W/ SKULL #7

Skull and body seperated - we guessed on the bone coloration and general location

No textile
No hair",150,12,,Undetermined,0,Undetermined,,0,0,0,0,0,0,0,,46.1,41.5,,,,,,,,45,31.7,,0,0,0,0,0,0,0,,0,0,0,0,0,0,0,0,0,,,,FALSE,FALSE,FALSE,FALSE,FALSE,,FALSE,,165.25,II,3rd molar,Some perio,,2003,Feb,8,WestN 180/190  E 40/50  SW #13,N,E,180,190,40,50,SW,60,400,465,20,-100,RESERVED FOR ANALYSIS IN FUTURE SEASON AT REQUEST OF Fayum Antiquities - Ali Bazeedi,162,13,,Undetermined,0,,,0,0,0,0,0,0,0,,,,,,,,,,,,,,0,0,0,0,0,0,0,,0,0,0,0,0,0,0,0,0,,,,FALSE,FALSE,FALSE,FALSE,FALSE,,FALSE,,,,,,,2003,Feb,8,WestN 180/190  E 40/50  SW #14,N,E,180,190,40,50,SW,120,422,384,258,194,"PART OF A CLUSTER OF 4 - (2 young, 2 old)

No obvious trauma

Textiles: bundle of fragemnts at the head

Though only a trend, bossing suggests a FEMALE",78,14,,Undetermined,0,Undetermined,,0,0,0,0,0,0,0,,,,,,,,,,,,,,0,0,0,0,0,0,0,,0,0,0,0,0,0,0,0,0,,Brown,V,FALSE,FALSE,FALSE,FALSE,FALSE,,FALSE,12.5,,I,12.5,,,2003,Feb,9,WestN 180/190  E 40/50  SW #15,N,E,180,190,40,50,SW,117,425,425,360,279,"PART OF CLUSTER OF 4 - (2 young, 2 old)

Textile: some fragment of textiles, coarse & fine",92,15,,Undetermined,0,Undetermined,Open,0,0,0,0,0,0,0,,,,,,,,,,,,,,0,0,0,0,0,0,0,,0,0,0,0,0,0,0,0,0,,Brown,,FALSE,FALSE,FALSE,FALSE,FALSE,,FALSE,12.5,,I,2nd molar,No carries,No,2003,Feb,9,WestN 180/190  E 40/50  SW #16,N,E,180,190,40,50,SW,122,427,81,372,222,"PART OF CLUSTER OF 4 (2 young, 2 old,) - SW14, 15, 16, 17

Bottom of a clust of 4

Hair: golden brown

Injuries: left humerous broken & healed before death (3 humeri?)
right humerous = 30cm, left = 31.2cm

Textile: PURPLE & red threaded fine fabric - folded over many times, many layers of coarse minen - fragile, 
SHE was covered by 5 CHILDREN & many limestones placed vertically between burials SW14 & SW15 on one side & SW17 on the other.",152,16,,Undetermined,0,Female,,0,0,3,0,0,3,0,,41.5,38.7,,,,,,,,44.4,31.2,,0,3,3,3,0,0,0,,0,0,0,0,0,0,0,0,0,,Brown,IV,FALSE,FALSE,FALSE,FALSE,FALSE,,FALSE,35,163.768,IV,,"Upper maxilla - massive perio - 2nd molar only, lowerleft 4 front teeth all else lost, bone reabsorbed - hardly any teeth in the skull

Tooth attrition: between III & IV",,2003,Feb,9,WestN 180/190  E 40/50  SW #17,N,E,180,190,40,50,SW,119,412,384,368,234,"PART OF A CLUSTER OF 4 (2 young, 2 old) SW14, 15, 16, 17

Atop SW16 but opposite SW14, 15, seperated by vertically placed limestones

Textile: fabric on head - poor condition some fine, some coarse.",154,17,,Undetermined,0,Undetermined,,0,0,3,0,0,3,0,,40.7,37.4,,,,,,,,41.9,29.2,,0,0,0,0,0,0,3,,0,0,0,0,0,0,0,0,0,,Brown,IV,FALSE,FALSE,FALSE,FALSE,FALSE,,FALSE,35,157.593,III,3rd molar,"Some perio - 2nd & 3rd molars, mandible rt. - missing, bones reabsorbed - left 1st molar gone",,2003,Feb,9,WestN 180/190  E 40/50  SW #18,N,E,180,190,40,50,SW,120,65,70,363,210,"Buried under rocks

No trauma

Reed along body, both top & bottom

Hair: dark brown, short

Textile: orange, blue green
Face bundle - red ribbon - (4 reds) linen strips under ribbon - 
4 bundles of linen folded - linen twine ties each bundle - only a few remnant pieces - fine outer linen - at feet had at least 7 lines of color
head to toe (1/2cm seperated) =
green
orange
orange
orange
blue
blue 
orange

two PURPLES about 5cm - shoulder had PURPLE band & maybe hem 3cm wide.",173,18,,Undetermined,0,Male,,0,0,1,0,0,1,0,,45.9,43.5,,,,,,,,44.4,31.6,,0,0,1,1,1,0,3,,0,0,0,0,0,0,0,0,0,,Brown,IV,FALSE,FALSE,FALSE,FALSE,FALSE,,FALSE,25,168.538,III,3rd molar,Tooth attrition: between II & III,,2003,Feb,9,EastN 180/190  E 40/50  SW #19,N,E,180,190,40,50,SW,210,476,460,146,0,"Hair: lots of dark brown hair

Textile: Wrapped w/ linen straps
large red cloth on head - lots of layers -
extensive pattern development in red & PURPLE bands of head wrap

Purple, red, .. - banded cloth down body - fine cloth w/ red, green, PURPLE - all down the body

1 fine outer layer, & 8 or 9 coarse layers beneath.",146,19,,Undetermined,0,Female,,0,0,3,0,0,0,3,,,,,,,,,,,42,29.3,,0,3,3,3,3,0,3,,0,0,0,0,0,0,0,0,0,,Brown,V,FALSE,FALSE,FALSE,FALSE,FALSE,,FALSE,18.5,157.84,II,3rd molar,"Tooth attrition: between I & II

Excellent teeth

No periodontal disease

Humerous & Femur measured w/o heads",Incomplete,2003,Feb,13,WestN 180/190  E 40/50  SW #2,N,E,180,190,40,50,SW,30,160,190,430,290,"Rear surface of area - under limestone rocks

Newborn infant buried w/ her - infant placed at her knees

BIG WOMAN

Hair: curly
Pubic hair: red

Textile: coarse linen (2) outside 
fine linen w/ wool threads woven to give a quilted pattern - red piece of cloth at head - big robe has 8x15cm design w/ 1cm border - fine cord wave in head part of garment

Head cap - w/ multiple angle weave

2 long reeds - length of body (under)",160,2,,Undetermined,0,Female,,0,0,3,0,0,0,0,,42.4,39.1,,,,,,,,44.2,30.4,,3,3,3,3,0,3,3,Closed,0,0,0,0,0,0,0,0,0,,Brown,,FALSE,FALSE,FALSE,TRUE,TRUE,,FALSE,,163.274,II,3rd molar,Excellent teeth - no carries - no periodontal disease,Yes,2003,Feb,3,WestN 180/190  E 40/50  SW #20,N,E,180,190,40,50,SW,125,168,134,352,196,"Hair: dark brown, curly, long

Hands: Left hand preserved - clenched, good nails - right hand ok

Skin: skin intact on some bones

Textile: red ribbon - 4-strand red
Foot bundle - foot bundle most intact - not good
fine exterior linen, 6+ layers of coarse linen beneath

ribbon- criss-crossed pattern on outside linen strips under fine, above coarse.

Face bundle - face bundle w/ folded linen pieces

NEXT TO BODY - PURPLE ROBE - BROAD BAND OF PURPLE w/ RED THREAD.",168,20,,Undetermined,0,Female,,0,0,3,0,0,3,0,,45.1,41.8,,,,,,,,43.9,30.5,,0,3,0,3,3,3,0,,0,0,0,0,0,0,0,0,0,,Brown,,FALSE,FALSE,FALSE,FALSE,FALSE,,FALSE,,162.533,III,3rd molar,"Tooth attrition: between II & III

Some periodontal disease

2 3rd molars lost - bone reabsorbed",,2003,Feb,15,WestN 180/190  E 40/50  SW #21,N,E,180,190,40,50,SW,137,149,134,266,196,"Buried below pelvic and between legs of SW20

Skin: skin intact

Textile: no evidence of textiles - when in situ, red ribbon noted on north side of body.",81,21,,Undetermined,0,Undetermined,Open,0,0,0,0,0,0,0,,,,,,,,,,,,,,0,0,0,0,0,0,0,,0,0,0,0,0,0,0,0,0,,Brown,IV,FALSE,FALSE,TRUE,TRUE,FALSE,"Teeth

Ribs sampled",FALSE,,,,1st molar,,No,2003,Feb,15,WestN 180/190  E 40/50  SW #22,N,E,180,190,40,50,SW,160,190,0,270,0,"2 CRANIA, NO BODY

small cranium",,22,,Undetermined,0,Undetermined,Closed,0,0,0,0,0,0,0,,,,,,,,,,,,,,0,3,0,3,0,0,3,Mostly Closed,0,0,0,0,0,0,0,0,0,,,VI,FALSE,FALSE,FALSE,FALSE,FALSE,,FALSE,13,,I,2nd molars,,,2003,Feb,15,N 180/190  E 40/50  SW #23,N,E,180,190,40,50,SW,250,130,129,104,59,"MISSING SKULL & FEET

Offset burial for SW19

Humerous & Femur measured w/o heads",60,23,,Undetermined,0,Undetermined,,0,0,0,0,0,0,0,,,,,,,,,,,17.8,13.7,,0,0,0,0,0,0,0,,0,0,0,0,0,0,0,0,0,,,V,FALSE,FALSE,TRUE,FALSE,FALSE,Ribs sampled,FALSE,,98.066,,,,No,2003,Feb,15,WestN 180/190  E 40/50  SW #24,N,E,180,190,40,50,SW,152,244,241,317,176,"Hair: dark brown, curly, long

Textile: Foot bundle - foot bundle ONLY surviving textiles
red ribbon - 4 strand red
outer layer of fine linen - at least 7 layers of coarse linen beneath, 15cm long fringe on coarse linens, next to skin = PURPLE bands and fine linen.",160,24,,Undetermined,0,Female,,0,0,3,0,0,3,0,,40.8,38,,,,,,,,41.9,30.2,,0,3,3,3,3,3,3,,0,0,0,0,0,0,0,0,0,,Brown,,FALSE,FALSE,FALSE,FALSE,FALSE,,FALSE,,157.593,II,3rd molar,No perio - no carries,,2003,Feb,15,WestN 180/190  E 40/50  SW #25,N,E,180,190,40,50,SW,147,179,169,339,198,"Hair: medium light brown, curly

Textile: PURPLE and red threads in head bundle , PURPLE material @ head.",155,25,,Undetermined,0,Female,,0,0,3,0,0,3,0,,40.6,38.3,,,,,,,,42.1,29.4,,0,1,1,0,3,3,0,,0,0,0,0,0,0,0,0,0,,Brown,V,FALSE,FALSE,FALSE,FALSE,FALSE,,FALSE,,158.087,III,3rd molar,"Some carries - no significant periodontal disease

Lipping on heads",,2003,Feb,15,WestN 180/190  E 40/50  SW #26,N,E,180,190,40,50,SW,172,437,412,360,190,"SKELETALIZED ADULT

Textile: little cloth - no red ribbons, linen straps
10 coarse layers -
Foot bundle - fringe of 10 cm - weave - 2 over / 2 under.",175,26,,Undetermined,0,Male,,0,0,1,0,0,0,0,,49.2,44.6,,,,,,,,50.9,34.3,,0,1,1,0,1,1,1,,0,0,0,0,0,0,0,0,0,,,V,FALSE,FALSE,FALSE,TRUE,FALSE,,FALSE,,183.618,III,3rd molar,"Tooth attrition: between II & III

Some perio",,2003,Feb,17,WestN 180/190  E 40/50  SW #27,N,E,180,190,40,50,SW,200,294,297,262,110,"Hair: brown hair - fine

Textile: some fabric over eyes",160,27,,Undetermined,0,Male,,0,0,1,0,0,1,0,,40.29,41.8,,,,,,,,42.2,31,,0,1,1,0,1,1,1,,0,0,0,0,0,0,0,0,0,,Brown,V,FALSE,FALSE,FALSE,FALSE,FALSE,,FALSE,,163.434,II,3rd molar,No perio - No carries,,2003,Feb,17,WestN 180/190  E 40/50  SW #28,N,E,180,190,40,50,SW,152,163,172,586,414,"Pelvic - not defined

Textile: Head bundle - red ribbons - folded & twisted piece
4 folded packets of linen

1 fine layer outside
6-10 more coarse inner layers",163,28,,Undetermined,0,Male,,0,0,1,0,0,0,0,,,,,,,,,,,41.2,28.7,,0,1,1,1,0,0,1,,0,0,0,0,0,0,0,0,0,,Brown,,FALSE,FALSE,FALSE,TRUE,FALSE,,FALSE,17,161.114,I,3rd molar,"Tooth attrition: between I & II
Lower molar erupted, Upper no.

Hunerous & Femur measured w/o heads",,2003,Feb,17,WestN 180/190  E 40/50  SW #29,N,E,180,190,40,50,SW,209,374,279,352,222,"Hair: medium to short, curly

No textiles",173,29,,Undetermined,0,Male,,0,0,1,0,0,1,0,,48.5,45.8,,,,,,,,48.5,34.6,,0,1,1,1,0,1,1,,0,0,0,0,0,0,0,0,0,,Brown,V,FALSE,FALSE,FALSE,FALSE,FALSE,,FALSE,,178.05,III,3rd molar,Some teeth pulled - bone reabsorbed,,2003,Feb,17,WestN 180/190  E 40/50  SW #3,N,E,180,190,40,50,SW,0,0,0,0,0,NO DATA SHEET (RPE 5/12/03),,3,,Undetermined,0,,,0,0,0,0,0,0,0,,,,,,,,,,,,,,0,0,0,0,0,0,0,,0,0,0,0,0,0,0,0,0,,,,FALSE,FALSE,FALSE,FALSE,FALSE,,FALSE,,,,,,,,,,N 180/190  E 40/50  SW #30,N,E,180,190,40,50,SW,214,0,0,313,0,"Textile: coarse exterior 
Face bundle - folded & twisted
Interior - w/ red & green threads
fine - many layers, but cannot be determined",,30,,Undetermined,0,Female,,0,0,0,0,0,0,0,,,34.8,,,,,,,,,29.3,,0,3,3,3,3,0,3,,0,0,0,0,0,0,0,0,0,,Brown,,FALSE,FALSE,FALSE,FALSE,FALSE,,FALSE,14,,,2nd molar,,,2003,Feb,17,N 180/190  E 40/50  SW #31,N,E,180,190,40,50,SW,225,-20,0,300,0,SKULL & FEW BONES ONLY,,31,,Undetermined,0,Undetermined,,0,0,0,0,0,0,0,,,,,,,,,,,,,,0,3,3,3,0,0,3,,0,0,0,0,0,0,0,0,0,,Brown,,FALSE,FALSE,FALSE,FALSE,FALSE,,FALSE,11,,,1st molar,2nd molar coming,,2003,Feb,17,N 180/190  E 40/50  SW #32,N,E,180,190,40,50,SW,203,-10,0,283,0,"SKULL & FEW BONES

Textile: good Face bundle - folded & twisted
red ribbons - 4-strands red
palm reed garland
square ribbon wraps
fine linen over linen strips - then medium coarse with PURPLE stripes in it.",,32,,Undetermined,0,Undetermined,,0,0,0,0,0,0,0,,,40.8,,,,,,,,,30.5,,0,0,0,0,0,0,0,,0,0,0,0,0,0,0,0,0,,,,FALSE,FALSE,FALSE,FALSE,FALSE,,FALSE,,,III,2nd molar,"1st molars gone - bone reabsorbed

No 3rds.",,2003,Feb,17,N 180/190  E 40/50  SW #33,N,E,180,190,40,50,SW,197,-15,0,227,0,"HEAD & FEW BONES ONLY

Hair: light brown, longer than shorter",,33,,Undetermined,0,Undetermined,,0,0,0,0,0,0,0,,,,,,,,,,,,,,0,0,3,1,0,0,0,,0,0,0,0,0,0,0,0,0,,Brown,,FALSE,FALSE,FALSE,FALSE,FALSE,,FALSE,13,,I,2nd molar,,,2003,Feb,17,N 180/190  E 40/50  SW #34,N,E,180,190,40,50,SW,0,0,0,0,0,"DISTURBED

bones from at least 2 people",,34,,Undetermined,0,Undetermined,,0,0,0,0,0,0,0,,,,,,,,,,,,,,0,0,0,0,0,0,0,,0,0,0,0,0,0,0,0,0,,,,FALSE,FALSE,FALSE,FALSE,FALSE,,FALSE,,,,,,,2003,Feb,17,N 180/190  E 40/50  SW #35,N,E,180,190,40,50,SW,0,0,0,0,0,"REVERSAL

FROM PELVIS & FEET - rest of body inaccessable

Large burial at base of offset chamber in shaft running along south of area.",,35,,Undetermined,0,Undetermined,,0,0,1,0,0,1,0,,46.8,,,,,,,,,45,,,0,0,0,0,0,0,0,,0,0,0,0,0,0,0,0,0,,,VI,FALSE,FALSE,FALSE,FALSE,FALSE,,FALSE,,165.25,,,,,2003,Feb,17,EastN 180/190  E 40/50  SW #4,N,E,180,190,40,50,SW,45,175,157,160,5,"Encased in hard mud - rear surface - chest abdly caved in

4 reed sticks under body

Hair: brown/red
Pubic hair: dark brown/red

Textile: 4 coarse outer layers of linen
ribbon - 3 light & 4 dark strands

=================  \
|  |  |  |  |  |  |  |  |  |  |  |  |     \
|=|=|=|  |=|=|=|  |=|=|=|  |=     \
|  |  |  |  |  |  |  |  |  |  |  |  |         > dark strands (horz.) 
|=|  |=|=|=|  |=|=|=|  |=|=|=     /       & light strands (vert.)
|  |  |  |  |  |  |  |  |  |  |  |  |     /
==================/

Foot bundle - extra cloth turned up over feet criss cross wrap of ribbon over body and all over foot bundle.",161,4,,Undetermined,0,Undetermined,,0,0,0,0,0,0,0,,39.4,38.7,,,,,,,,43,27.9,,0,0,0,0,3,0,0,,0,0,0,0,0,0,0,0,0,,Brown,III,FALSE,FALSE,FALSE,FALSE,FALSE,,FALSE,,160.31,II,3rd molar,,,2003,Feb,4,WestN 180/190  E 40/50  SW #5,N,E,180,190,40,50,SW,32,290,337,282,137,,159,5,,Undetermined,0,Female,,0,0,3,0,0,0,0,,37.5,37.1,,,,,,,,41.1,29,,0,3,3,3,3,0,3,,0,0,0,0,0,0,0,0,0,,,,FALSE,FALSE,FALSE,FALSE,FALSE,,FALSE,,155.617,III,3rd molar,1st molar on left gone w/ bone reabsorbtion,,2003,Feb,4,WestN 180/190  E 40/50  SW #6,N,E,180,190,40,50,SW,31,416,455,376,245,"Very close to the surface

1 of 2 BURIED TOGETHER

PART OF SKULL DESTROYED

Bones bleached & salt crystals growing from them - bones are white from some chemical reaction - but what? Lime? Salt?",149,6,,Undetermined,0,Undetermined,,0,0,1,0,0,0,0,,,,,,,,,,,33.7,24.1,,0,0,0,0,1,0,1,,0,0,0,0,0,0,0,0,0,,,V,FALSE,FALSE,FALSE,FALSE,FALSE,,FALSE,17.5,137.339,I,3rd molar,"Femur & Humerous measured w/o heads

Lower wisdom teeth not erupted 

Cusps are lovely - no wear
3rd molars erupted on top 2nd in mandible",No,2003,Feb,5,WestN 180/190  E 40/50  SW #7,N,E,180,190,40,50,SW,0,0,0,0,0,NO DATA SHEET (RPE 5/12/03),,7,,Undetermined,0,,,0,0,0,0,0,0,0,,,,,,,,,,,,,,0,0,0,0,0,0,0,,0,0,0,0,0,0,0,0,0,,,,FALSE,FALSE,FALSE,FALSE,FALSE,,FALSE,,,,,,,,,,N 180/190  E 40/50  SW #8,N,E,180,190,40,50,SW,21,227,215,353,240,"Hair: curly

Hair braided - forward & to one side - her left side

Textile: layer of fine linen over hair net, & 3 layers of coarse linen above that - PURPLE cloth in linen above hair net

Face bundle - not twisted just folded

Hair net - red hair net (PURPLE cloth above red hairnet) - across brow & the back of head - red thread in <><><> & bigger diamonds - all in pattern",125,8,,Undetermined,0,Female,,0,0,3,0,0,0,0,,,,,,,,,,,33.2,22.2,,0,3,3,3,0,0,0,,0,0,0,0,0,0,0,0,0,1 bronze & 2 ivory hairpins,Brown,,FALSE,FALSE,FALSE,FALSE,FALSE,,TRUE,,136.104,II,3rd molar,"No perio - some wear on cusps

Tooth attrition - between II & III

Femur & Humerous measured w/o heads",No,2003,Feb,5,WestN 180/190  E 40/50  SW #9,N,E,180,190,40,50,SW,70,310,360,530,400,"Close to surface - NO SKULL

No textile
No skin

HEADLESS MALE",155,9,,Undetermined,0,Male,,0,1,1,0,0,1,0,,46.4,42,,,,,,,,44.2,30.6,,0,0,0,0,0,0,0,,0,0,0,0,0,0,0,0,0,,,V,FALSE,FALSE,TRUE,FALSE,FALSE,Ribs sampled,FALSE,,168.074,,,,,2003,Feb,8,WestN 190/200  E 40/50  SE #1,N,E,190,200,40,50,SE,74,378,374,325,385,Textile: single layer with 2 green stripes (2 thread wide),63,1,,Undetermined,0,Undetermined,,0,0,0,0,0,0,0,,,,,,,,,,,,,,0,0,0,0,0,0,0,Open,0,0,0,0,0,0,0,0,0,,Brown,III,FALSE,FALSE,FALSE,FALSE,FALSE,,FALSE,1.5,,,first molar,,,2005,Feb,3,EastN 190/200  E 40/50  SE #10,N,E,190,200,40,50,SE,80,392,466,230,100,"Hair: blonde w/ curls

Textile: red ribbon 5 strands wide
            multiple irregular wraps around head
            4 outer layers coarse cloth, 6 layers fine weave inside",152,10,,Undetermined,0,Male,,1,1,1,1,0,0,0,,40.6,,,,,,,,,37.9,,,0,1,1,0,1,1,0,,0,0,0,0,0,0,0,0,0,,Blonde,V,FALSE,FALSE,FALSE,FALSE,FALSE,,FALSE,,153.458,V,,"advanced periodontal - many teeth missing, only incisors & pre-molar on mandible & incisors on upper jaw",,2005,Feb,5,WestN 190/200  E 40/50  SE #11,N,E,190,200,40,50,SE,98,96,85,142,63,"CHILD

Textile: medium quality linen shrouding the body
coarse linen stripes diagonally over shroud
Purple & Green design in textiles - nicely wrapped 

1) outer layer medium quality weave
2) 2nd layer also covered w/ diagonal pattern strips
3) 3 layers fine linen
4) 5 layers probably folded from 1 piece of cloth - nice green wool band in cloth

Head Bundle: w/ irregularly folded linen cloth inside/ twisted cord linen also. Cloth decorated w/ purple band & rounded",90,11,,Undetermined,0,Undetermined,,0,0,0,0,0,0,0,,,,,,,,,,,,,,0,3,3,3,0,0,3,,0,0,0,0,0,0,0,0,0,,,,FALSE,FALSE,FALSE,FALSE,FALSE,,FALSE,,,I,"1st,2nd molar",,No,2005,Feb,5,WestN 190/200  E 40/50  SE #12,N,E,190,200,40,50,SE,97,103,85,216,52,"Hair: Dark brown

Textile: Palm material - braided rope about neck twice down to pelvis - under braid on top

red ribbon - 4 threads evenly spaced
twisteted linen - 10 in. (25 cm) long

3 layers of fine linen woven in tufting

reeds under body",172,12,,Undetermined,0,Male,,1,0,1,0,1,1,0,,48.8,43.2,,,,,,,,46,31.6,,0,1,1,1,1,0,0,,0,0,0,0,0,0,0,0,0,,Brown,,FALSE,FALSE,FALSE,FALSE,FALSE,,FALSE,,172.25,II,3rd molar,No canines - no perio,,2005,Feb,5,WestN 190/200  E 40/50  SE #13,N,E,190,200,40,50,SE,99,39,25,109,54,"Found on top of (N190/200 E40/50 SE #14)

INFANT

Textile: dense diagonal torn linen stripes
much purple - 1 band (8cm wide) goes from head to toe - part of larger piece of cloth, but folded under at top and folded so that purple band is on top of body

at least 11 layers of linen below multiple layers of folded purple

more than 11 layers in toto

Head Bundle: Medium quality linen outside w/ knots of strips at neck, chest, & abdomen, wrapped about head but not at face.

Broad bands of purple folded double in form of a cross over face of burial 7 cm wide across, 6 cm wide verticle.",69,13,,Undetermined,0,Undetermined,,0,0,0,0,0,0,0,,,,,,,,,,,,,,0,0,0,0,0,0,0,,0,0,0,0,0,0,0,0,0,,,,FALSE,FALSE,FALSE,FALSE,FALSE,,FALSE,1.5,,,front incisors,,,2005,Feb,5,WestN 190/200  E 40/50  SE #14,N,E,190,200,40,50,SE,83,28,25,210,46,"ADULT with child buried on top from waist to feet

Hair: Very blonde - blonde beard & mustache

Skull: skull left w/ skin and hair in place - no analysis of cranium apart from teeth

Textile: red 4 strand ribbon overwrap
15 wraps (at least) over head
Layers:
1) torn linen strips - 5cm wide folded to 1 cm
2) 6 layers of fine weave linen
3) 4 layers of medium
4) 3 layers of fine",177,14,,Undetermined,0,Male,,0,1,1,0,0,0,0,,,,,,,,,,,45,30.8,,0,0,0,0,0,0,0,,0,0,0,0,0,0,0,0,0,,Blonde,IV,FALSE,FALSE,FALSE,FALSE,FALSE,,FALSE,,169.93,II,3rd molar,some perio on upper molars,,2005,Feb,16,WestN 190/200  E 40/50  SE #15,N,E,190,200,40,50,SE,114,220,205,203,40,"Mostly skeletalized

Beard: blond",163,15,,Undetermined,0,Male,,0,1,1,1,0,1,0,,47.1,43.2,,,,,,,,43.7,35,,0,0,0,0,0,0,0,,0,0,0,0,0,0,0,0,0,,Blonde,,FALSE,FALSE,FALSE,FALSE,FALSE,,FALSE,,166.914,V,,No teeth left on upper - permolars on both L & R on mandible (1 on left),,2005,Feb,5,WestN 190/200  E 40/50  SE #16,N,E,190,200,40,50,SE,112,385,396,202,121,"INFANT

Basket containing burial 16 was mistakenly reintered before study",92,16,,Undetermined,0,Undetermined,,0,0,0,0,0,0,0,,,,,,,,,,,,,,0,0,0,0,0,0,0,,0,0,0,0,0,0,0,0,0,,,,FALSE,FALSE,FALSE,FALSE,FALSE,,FALSE,,,,,,,2005,Feb,6,WestN 190/200  E 40/50  SE #17,N,E,190,200,40,50,SE,123,422,448,324,171,"Face crushed & some bones broken (modern) - workers

HARD TO ANALYZE A BODY THAT HAS BEEN TAMPERED WITH BY WORKERS

Textile: 1 medium quality weave linen outer wrap over laid with torn linen strips horizontal over body/ diagonal over feet, many times around neck, mass of linen strips gathered and placed over waist (gathered end and last 1 or 2 meters of strips)
linen wrapping strip tied to 18 cm long fringe of linen enclosing head:
2 pieces 18 cm fringe under outer layer
2 layers of same below that
2 layers of same below that

4 layers of cloth, each folded twice over body.",168,17,,Undetermined,0,Undetermined,,0,0,0,0,0,0,0,,,,,,,,,,,,,,0,0,0,0,0,0,0,,0,0,0,0,0,0,0,0,0,2 palm frond necklaces over wrapped w/ palm strings,Blonde,III,FALSE,FALSE,FALSE,FALSE,FALSE,,TRUE,,,III,3rd molar,No Perio,,2005,Feb,16,WestN 190/200  E 40/50  SE #18,N,E,190,200,40,50,SE,150,301,310,198,146,"Found next to #19 - possible sibling to SE19?

Hair: light brown (auburn) coiffed

Textile: cloth NOT the same as SE19 - weave is 1x2 not 1x1 as in SE19, not as coarse or heavy as SE19.",65,18,,Undetermined,0,Undetermined,,0,0,0,0,0,0,0,,,,,,,,,,,,,,0,0,0,0,0,0,0,,0,0,0,0,0,0,0,0,0,,Brown,,FALSE,FALSE,FALSE,FALSE,FALSE,,FALSE,,,,"1st molar, canines, incisors in mandiblula",No molar in maxilla,,2005,Feb,6,WestN 190/200  E 40/50  SE #19,N,E,190,200,40,50,SE,156,326,288,198,146,"CHILD

6mo-1yr. Next to SE18 - possible sibling to S18?

Samples taken to check relationship to SE18.",64,19,,Undetermined,0,Undetermined,,0,0,0,0,0,0,0,,,,,,,,,,,,,,0,0,0,0,0,0,0,,0,0,0,0,0,0,0,0,0,,,,FALSE,FALSE,FALSE,FALSE,FALSE,,FALSE,,,,Mandible incisors,,,2005,Feb,6,WestN 190/200  E 40/50  SE #2,N,E,190,200,40,50,SE,48,172,204,562,464,,103,2,,Undetermined,0,Undetermined,,0,0,0,0,0,0,0,,,,,,,,,,,,,,0,0,0,0,0,0,0,,0,0,0,0,0,0,0,0,0,,Brown,III,FALSE,FALSE,FALSE,FALSE,FALSE,,FALSE,,,II,"1st,2nd molar",,,2005,Feb,3,WestN 190/200  E 40/50  SE #20,N,E,190,200,40,50,SE,141,74,72,342,170,Textile: torn linen & ribbons evident on a medium coarse linen exterior cloth - only linen rements on feet,175,20,,Undetermined,0,Male,Closed,1,0,1,1,0,1,0,,46.8,40.3,,V,,,,,,46.7,,,0,0,1,1,1,0,1,,0,0,0,0,0,0,0,0,0,,Brown,VI,FALSE,FALSE,FALSE,TRUE,FALSE,"Molar 31,32",FALSE,,173.874,III,,,,2005,Feb,8,WestN 190/200  E 40/50  SE #21,N,E,190,200,40,50,SE,146,94,94,225,272,"INFANT

Hair: Light brown

Textile: coarse plain linen cloth - totally
1 large piece of cloth wrapped several times around body",64,21,,Undetermined,0,Undetermined,,0,0,0,0,0,0,0,,,,,,,,,,,,,,0,0,0,0,0,0,0,,0,0,0,0,0,0,0,0,0,,Brown,V,FALSE,FALSE,FALSE,FALSE,FALSE,,FALSE,,,,mandibular incisors,,,2005,Feb,8,EastN 190/200  E 40/50  SE #22,N,E,190,200,40,50,SE,158,206,0,309,0,"Textile: Yellow bundle - (30 cm2) likely associated w/ this skull, since some yellow cloth attached to forehead.",,22,,Undetermined,0,Male,Closed,0,0,0,0,0,0,0,,,,,,,,,,,,,,1,1,1,1,0,1,1,,0,0,0,0,0,0,0,0,0,,Brown,V,FALSE,FALSE,FALSE,FALSE,FALSE,,FALSE,,,,,,,2005,Feb,8,N 190/200  E 40/50  SE #23,N,E,190,200,40,50,SE,152,236,0,315,0,"SUB-ADULT

Hair: Light Brown

BRAIN IN SKULL",,23,,Undetermined,0,Female,Open,0,0,0,0,0,0,0,,,,,,,,,,,,,,0,0,0,3,3,0,3,,0,0,0,0,0,0,0,0,0,,Brown,,FALSE,FALSE,FALSE,FALSE,FALSE,,FALSE,,,,"1st,2nd molar",,,2005,Feb,8,N 190/200  E 40/50  SE #24,N,E,190,200,40,50,SE,160,242,0,318,0,"SKULL ONLY

Hair: lots of dark brown hair 4-5cm long.",,24,,Undetermined,0,Male,,0,0,0,0,0,0,0,,,,,,,,,,,,,,1,1,1,1,1,0,0,,0,0,0,0,0,0,0,0,0,,Brown,,FALSE,FALSE,FALSE,FALSE,FALSE,,FALSE,,,III,3rd molar,nice teeth - no perio,,2005,Feb,8,N 190/200  E 40/50  SE #25,N,E,190,200,40,50,SE,174,226,0,302,0,"SUB-ADULT

SKULL ONLY",,25,,Undetermined,0,Undetermined,,0,0,0,0,0,0,0,,,,,,,,,,,,,,0,0,0,0,0,0,0,,0,0,0,0,0,0,0,0,0,,,,FALSE,FALSE,FALSE,FALSE,FALSE,,FALSE,,,,,,,2005,Feb,8,N 190/200  E 40/50  SE #26,N,E,190,200,40,50,SE,212,379,417,135,280,"REVERSAL

Hair: Long curly brown

Textile: Medium coarse linens over feet, torn linen strips for wrapping.",150,26,,Undetermined,0,Female,,0,3,3,0,0,0,0,,39.8,36.1,,,,,,,,40.6,28.9,,3,3,3,3,0,0,0,,0,0,0,0,0,0,0,0,0,,Brown,VI,FALSE,FALSE,FALSE,FALSE,FALSE,,FALSE,,154.382,IV,2nd moral,Extensive periodontal disease - most molars missing,,2005,Feb,12,EastN 190/200  E 40/50  SE #27,N,E,190,200,40,50,SE,178,312,269,416,270,"Large Skull

Textile: textile on feet - torn linen strips, knotted on end
med coarse outer wrap then more torn linen strips - diagonal wrap - layer of linen w/ 2cm fringe next layer linen w/ 15c, fringe
     no evidence of face bundle - 7 layers of fine linen over head
linen layers up to 12 layers of coarse outer wraps.",165,27,,Undetermined,0,Male,,0,0,1,1,0,1,0,,47.8,44,,,,,,,,45.8,32.9,,1,1,1,0,1,0,0,,0,0,0,0,0,0,0,0,0,,,V,FALSE,FALSE,FALSE,FALSE,FALSE,,FALSE,,171.786,IV,3rd molar,,,2005,Feb,12,WestN 190/200  E 40/50  SE #28,N,E,190,200,40,50,SE,200,234,219,342,201,"Textile: some fabric - torn linen ribbons - 1 made by double folding of torn strip
Medium coarse linens at least 5 layers",141,28,,Undetermined,0,Female,,0,3,3,0,0,3,3,,38.4,36.3,,,,,,,,44,29.3,,0,0,0,0,0,0,0,,0,0,0,0,0,0,0,0,0,,,,FALSE,FALSE,FALSE,FALSE,FALSE,,FALSE,,162.78,,,,,2005,Feb,8,WestN 190/200  E 40/50  SE #29,N,E,190,200,40,50,SE,76,332,295,81,-63,"Much resisn on body making analysis of pelvis and body difficult

Reed stick beneath body

Textile: Red 4 strand ribbon on outside
outer layer - fine weave linen
then 12 layers of coarse linen under outer layer
face bundle w/ red  ribbons - fibrous mass in face bundle - palm?
Fiber mass also on feet.",157,29,,Undetermined,0,Female,,0,3,3,0,0,0,0,,43,,,,,,,,,39.6,,,0,3,0,0,3,0,3,,0,0,0,0,0,0,0,0,0,,Brown,V,FALSE,FALSE,FALSE,FALSE,FALSE,,FALSE,,151.912,III,2nd molar,3rd molar erupted once - but perio has taken many teeth,,2005,Feb,12,WestN 190/200  E 40/50  SE #3,N,E,190,200,40,50,SE,79,65,76,285,120,No Head,182,3,,Undetermined,0,Female,,0,3,3,3,0,3,0,,39.8,,,,,,,,,42,,,0,0,0,0,0,0,0,,0,0,0,0,0,0,0,0,0,"blue glass beads
3-4 reeds asback support for burial
4 layer coaru weave
2 twist wpe w/ kast @ end (overhand kast)",,IV,FALSE,FALSE,FALSE,FALSE,FALSE,,TRUE,,157.84,,,,,2005,Feb,3,WestN 190/200  E 40/50  SE #30,N,E,190,200,40,50,SE,74,292,283,84,-61,"Textile: extensive remnants of textiles at feet w/ footprints (skin) attached to linen layer

4 strand red ribbon
outer layer - medium coarse
5 layers of coarse then many layers of fine-intermediate

face bundle - 4 strand red ribbon bundle disintegrated.",168,30,,Undetermined,0,Female,,0,0,3,0,0,3,0,,43.9,40,,,,,,,,46.5,33.2,,0,0,3,0,1,3,3,,0,0,0,0,0,0,0,0,0,,Brown,,FALSE,FALSE,FALSE,FALSE,FALSE,,FALSE,,168.955,,3rd molars,no perio,,2005,Feb,8,WestN 190/200  E 40/50  SE #31,N,E,190,200,40,50,SE,190,365,345,514,359,"ADULT

Hair: Bright brown

Pelvis: damaged

Textile: coarse linen fragments",170,31,,Undetermined,0,Male,,0,0,1,0,0,0,0,,48.1,41.1,,,,,,,,47.1,32.1,,1,0,1,1,0,0,3,,0,0,0,0,0,0,0,0,0,,Brown,,FALSE,FALSE,FALSE,FALSE,FALSE,,FALSE,,170.437,,,"only front teeth remain - extensive perio
molars erupted & disappeared",,2005,Feb,8,WestN 190/200  E 40/50  SE #32,N,E,190,200,40,50,SE,92,432,414,548,465,"SUB-ADULT

Textile: 1m wide cloth outer wrap has a purple band 3-4cm wide - wrapped diagonally around the body
next cloth 120cm wide over laid w/ torn linen strips - long fringe (18cm long) gathered & folded over feet & tied in a knot @ the end of the 3rd piece has some fringe (18cm long) but wrapped w/ fringe going up te body
4th piece of linen = fine w/ open weaqve band (3.5cm wide) then linen & another open weae before end of cloth
5th piece is ribbed weave w/ little silverfish still crawling around the cloth

Face bundle: bundle is held to skull w/ 4-strand red ribbons - multiple wraps - fine outer wrap - 3 coarse under face bundle - multiple packs of folded linen each bound w/ twine - NO TWISTED LINEN",111,32,,Undetermined,0,Undetermined,,0,0,0,0,0,0,0,,,,,,,,,,,,,,0,0,0,0,0,0,0,,0,0,0,0,0,0,0,0,0,,Brown,II,FALSE,FALSE,FALSE,FALSE,FALSE,,FALSE,,,I,2nd molar,,,2005,Feb,16,WestN 190/200  E 40/50  SE #33,N,E,190,200,40,50,SE,128,290,279,84,-78,"Found w/ SE34 - child

Textile: ribbon - no color - diagonal wrap preserved @ feet
very fine linen next to body (5cm fringe) - 2 layers coarse next, then medium weave w/ torn linen strips from wrap this layer (medium weave) has 8cm fringe",172,33,,Undetermined,0,Female,,0,0,3,0,0,0,0,,42.9,,,,,,,,,42.6,,,3,3,3,3,3,0,0,,0,0,0,0,0,0,0,0,0,,Brown,V,FALSE,FALSE,FALSE,FALSE,FALSE,,FALSE,,159.322,,3rd molar,canines on 2nd molars-outside,,2005,Feb,12,WestN 190/200  E 40/50  SE #34,N,E,190,200,40,50,SE,130,302,293,0,-50,"INFANT - buried w/ adult SE33

Hair: medium to bright brown hair

Preservation Index: between V & VI

Skull: pieces of skull oddly shaped

Textile: medium fine weave linen - 1 piece of cloth folded over & over - no markings or color
2nd textile -",50,34,,Undetermined,0,Undetermined,,0,0,0,0,0,0,0,,,,,,,,,,,,,,0,0,0,0,0,0,0,,0,0,0,0,0,0,0,0,0,,Brown,VI,FALSE,FALSE,FALSE,FALSE,FALSE,,FALSE,,,,,Part of right mandible-incisors NOT erupted - pitting on mandible (porosity of bone),,2005,Feb,12,WestN 190/200  E 40/50  SE #35,N,E,190,200,40,50,SE,74,170,181,484,419,"INFANT

Textile: 3 layers medium weave linen & one fine layer & 3 additional layers, perhaps once colored..
(internal fringed on fine layer - OPEN WEAVE of 1cm width)",56,35,,Undetermined,0,Undetermined,,0,0,0,0,0,0,0,,,,,,,,,,,,,,0,0,0,0,0,0,0,,0,0,0,0,0,0,0,0,0,,Brown,IV,FALSE,FALSE,FALSE,FALSE,FALSE,,FALSE,,,,Pre-molars,1st molar not erupted,,2005,Feb,14,WestN 190/200  E 40/50  SE #36,N,E,190,200,40,50,SE,50,469,500,500,374,"Hair: long auburn

Textile: Hiarnet covers eyes & nose

under outer layer - reeds going length of body - under - for support LOTS of rope in under layers also
10-12 wraps - insect infestation - living sliverfish - also purple-blue irridescent sheels of insects

Face bundle - overlaid w/ 2 strand twisted rope, 1 strand goes down center of body - lots of excess rope about the feet - face bundle consists of 2 bundles of palm fiber",132,36,,Undetermined,0,Female,,0,0,0,0,0,0,0,,,,,,,,,,,,,,0,0,0,0,0,0,0,,0,0,0,0,0,0,0,0,0,,Brown,,FALSE,FALSE,FALSE,FALSE,FALSE,,FALSE,,,II,2nd molars,,No,2005,Feb,16,WestN 190/200  E 40/50  SE #37,N,E,190,200,40,50,SE,59,502,531,503,345,"Preservation Index: between III & IV

Hair: light brown very long curly

Textile: twisted palm material rope over coarse outer layer - 20 palm stems as supports under body 1 fragment of textile with colored pattern
fine linen next to the skin - undefined mass of folded linen over face - nice hair net over light brown hair - foot bundle w/ lots of rope wrapping

UNIQUE - coarse outer wrap - lots of rope underneath (double strand weave rope) palm sticks under feet - a bundle of them solled up in linen over the feet - stick bundle tied with twine linen over sticks very loose weave - not even gunny sack quality (60x67cm)",162,37,,Undetermined,0,Female,,0,0,3,0,0,0,0,,38.3,36.3,,,,,,,,40.9,28.9,,3,3,3,3,0,0,3,,0,0,0,0,0,0,0,0,0,,Brown,IV,FALSE,FALSE,FALSE,FALSE,FALSE,,FALSE,,155.123,II,2nd molar,No mandible - no canines,,2005,Feb,14,WestN 190/200  E 40/50  SE #4,N,E,190,200,40,50,SE,85,277,263,198,142,"Textile: evidence of diagonal ribbons some fine weave linen remaining ~ 4 layers

linen with pattern @ fringe",55,4,,Undetermined,0,Undetermined,,0,0,0,0,0,0,0,,,,,,,,,,,,,,0,0,0,0,0,0,0,,0,0,0,0,0,0,0,0,0,,,V,FALSE,FALSE,FALSE,FALSE,FALSE,,FALSE,,,,,,,2005,Feb,3,WestN 190/200  E 40/50  SE #5,N,E,190,200,40,50,SE,95,338,314,335,240,"some skin intact on lateral of skull

Textile: diagonal wrap (ribbon)
2 double red thread ribbons
1 ribbon running head to toe in top of body
fine linen layer under ribbons
then coarse layer
the coarse white ribbon both diagonal & 1 down length of body
2 layers coarse linen
then 6 layers coarse linen folded up & over feet - best perserved there.

Head: no canines, tongue intact
front lower incisor (right) not erupted

Body: toes curled from rigor mortis",101,5,,Undetermined,0,Female,,0,0,0,0,0,0,0,,,,,,,,,,,,,,0,3,3,3,3,0,3,,0,0,0,0,0,0,0,0,0,,,IV,FALSE,FALSE,FALSE,FALSE,FALSE,,FALSE,,,I,,,No,2005,Feb,3,WestN 190/200  E 40/50  SE #6,N,E,190,200,40,50,SE,60,374,384,137,-20,"Textiles: coarse linen only - most missing

Face : beard - reddish brown",160,6,,Undetermined,0,Male,,1,1,1,1,0,0,0,,40.1,,,,,,,,,43.2,,,0,0,0,0,0,0,0,,0,0,0,0,0,0,0,0,0,reed sticks for support for the burial,,V,FALSE,FALSE,FALSE,FALSE,FALSE,,TRUE,,165.754,IV,,Extensive periodontal upper & lower,,2005,Feb,3,WestN 190/200  E 40/50  SE #7,N,E,190,200,40,50,SE,68,260,321,567,404,"Head found seperately on 16 Feb 2005

Face bundle: huge face bundle - 

Textile: 2 layers coarse linen",166,7,,Undetermined,0,Undetermined,,0,0,1,0,0,0,0,,47.3,45.5,,,,,,,,45.2,33.1,,0,0,0,0,0,0,0,,0,0,0,0,0,0,0,0,0,,Red,III,FALSE,FALSE,FALSE,FALSE,FALSE,,FALSE,,165.744,III,3rd molar,,Yes,2005,Feb,3,WestN 190/200  E 40/50  SE #8,N,E,190,200,40,50,SE,73,309,294,392,290,"Hair:Long Blonde/Red
kept in nice hair net cap

Textile: 3&2 braid twisted rope w/ end 'splice' & interior 'splice' - nicely done to keep from fraying

Support: up to 20 reed supports running length under body",115,8,,Undetermined,0,Female,,0,0,0,0,0,0,0,,27.6,,,,,,,,,30,,,0,3,3,3,3,0,0,,0,0,0,0,0,0,0,0,0,"iron necklaces - hook shape
     2 pieces - hook together - back
     missing",Red,IV,FALSE,FALSE,FALSE,FALSE,FALSE,,TRUE,,128.2,I,"1st,2nd Molar",,No,2005,Feb,3,WestN 190/200  E 40/50  SE #9,N,E,190,200,40,50,SE,102,320,281,379,307,"Hair: long auburn - not curly

Textile: double red thread on ribbon - bordered as in (N 190/200 E 40/50 SE #5)

linen w/ red ribbon diagonal wrap feet wrapped w/linen & folded over long (6cm) fringe
Medium quality weave at least 5 layers",101,9,,Undetermined,0,Undetermined,,0,0,0,0,0,0,0,,,,,,,,,,,,,,0,3,3,3,3,0,0,,0,0,0,0,0,0,0,0,0,,Brown,IV,FALSE,FALSE,FALSE,FALSE,FALSE,,FALSE,,,I,"1st,2nd molar",,No,2005,Feb,3,WestN 190/200  E 40/50  SW #1,N,E,190,200,40,50,SW,42,266,264,238,76,"Textile: (going in) 1st layer - medium qualtiy outer layer
2nd layer - color ribbon over next coarse (3 layers) then palm stems for support of body - all around body
3 layers of coarse linen
2 layers of medium quality linen
five rows of green/red pattern on outer layer folded up over feet

BIG TOES TIED W/ LINEN TWINE - W/ SLIP KNOT",170,1,,Undetermined,0,Male,,0,0,1,0,0,0,0,,47.9,44.4,,,,,,,,43.7,31.3,,1,1,1,1,1,0,1,,0,0,0,0,0,0,0,0,0,,Brown,II,FALSE,FALSE,FALSE,FALSE,FALSE,,FALSE,,162.039,II,3rd molar,no canines - no perio,,2005,Feb,16,WestN 190/200  E 40/50  SW #11,N,E,190,200,40,50,SW,73,283,278,283,235,"INFANT

Textile: 5 layers medium weave linen - all same - deteriorated - torn linen strips are overwrap",68,11,,Undetermined,0,Undetermined,,0,0,0,0,0,0,0,,,,,,,,,,,,,,0,0,0,0,0,0,0,,0,0,0,0,0,0,0,0,0,,,V,FALSE,FALSE,FALSE,FALSE,FALSE,,FALSE,,,,1st molar (maxilla & mandible),,,2005,Feb,9,WestN 190/200  E 40/50  SW #12,N,E,190,200,40,50,SW,86,309,308,299,243,"Buried next to SW#11 - younger than SW#11

Textile: Face bundle - medium quality linen w/ torn linen strips for over wrap - red, yellow, green thread in one of the linen strips - (red-green, red-green, yellow) - some have PURPLE, red, blue thread -

linen layer, strips, linen layer - folded ot wadded & piece of linen, 4 layers of fine linen.",70,12,,Undetermined,0,Undetermined,,0,0,0,0,0,0,0,,,,,,,,,,,,,,0,0,0,0,0,0,0,,0,0,0,0,0,0,0,0,0,,Brown,IV,FALSE,FALSE,FALSE,FALSE,FALSE,,FALSE,,,,incisors,1st molars not erupted only incisors,,2005,Feb,9,WestN 190/200  E 40/50  SW #14,N,E,190,200,40,50,SW,103,243,250,556,430,"HEADLESS - no skull

5 total reed sticks over and under to provide support

Textile: all red ribbon & striped ribbon over foot bundle
torn linen strips & red ribbon over next layer - 2 layers, folded then red ribbon over folded linen (2 layers) then torn linen strips tied over next layer of material (folded) much SALT extruding from feet - some kind of bug ate a tunnel into the foot bundle.",163,14,,Undetermined,0,Male,,0,1,1,0,0,0,0,,55.4,,,,,,,,,49.4,,,0,0,0,0,0,0,0,,0,0,0,0,0,0,0,0,0,,,IV,FALSE,FALSE,FALSE,FALSE,FALSE,,FALSE,,176.118,,,,,2005,Feb,14,WestN 190/200  E 40/50  SW #15,N,E,190,200,40,50,SW,97,212,237,547,433,"SKULL MISSING

Preservaton Index: between IV & V

Hair: Brown pubic hair

2 Reed sticks under body

Textile: tufted linen wrap - medium quality
diagonal wrap red ribbon 3 strand - irregular quality
then 5 layers coarse linen
next layer - torn linen strips wrap diagonal criss-cross in large design - linen folded up over feet  w/ fringe of 10cm  - wrapped around body twice 110cm wide piece
2 more pieces of linen underneath folded in similar fashion 
next layer  - fine linen has band composed of 2 red-orange lines & central green band inbetween 2 red ones

Cord wrapped around feet beneath 1st fine layer

outer layer =  {       }  \
                     {        }   \ wrap fold over feet
                     {____}   /
                      ||||||||||||||  /

next 2 layers = {           }           {             }  \
                        {           }           {|||||||||||||||||||}    \ fold fringe up to give
                        {_____ }           {______ }    / solid edge THEN
                         |||||||||||||||||||                             / wrap around the body",146,15,,Undetermined,0,Male,,0,1,1,0,0,0,0,,44.2,45.1,,,,,,,,43.2,32.1,,0,0,0,0,0,0,0,,0,0,0,0,0,0,0,0,0,,Brown,V,FALSE,FALSE,FALSE,FALSE,FALSE,,FALSE,,160.804,,,,,2005,Feb,12,WestN 190/200  E 40/50  SW #16,N,E,190,200,40,50,SW,52,50,40,27,-40,"INFANT

Hair: Brown approx 6cm long

NOT MUCH TO SAY

No remaing skull part with identification properties

Textile: fabric poorly preserved - medium quality linen",69,16,,Undetermined,0,Undetermined,,0,0,0,0,0,0,0,,,,,,,,,,,,,,0,0,0,0,0,0,0,,0,0,0,0,0,0,0,0,0,,Brown,VI,FALSE,FALSE,FALSE,FALSE,FALSE,,FALSE,,,,,,,2005,Feb,13,WestN 190/200  E 40/50  SW #17,N,E,190,200,40,50,SW,57,450,440,486,339,"3 femurs w/ buried, 1 1 cut through anciently - epiphyseal cap broken off",57,17,,Undetermined,0,Male,,0,1,1,0,0,0,0,,,43.2,,,,,,,,,31.9,,1,1,1,0,1,0,1,,0,0,0,0,0,0,0,0,0,,Brown,V,FALSE,FALSE,FALSE,FALSE,FALSE,,FALSE,,,,3rd molar,right lower 2nd molar gone anciently,,2005,Feb,13,WestN 190/200  E 40/50  SW #18,N,E,190,200,40,50,SW,82,331,322,312,197,"ADULT - well wrapped

Supraorbital ridges: porosity in orbits

Textile: lots of ribbon wrapping
from inside : 4 layers coarse - torn linen strips w/ random knots 
4 layers coarse - diagonal torn linen strips
fine layer & red ribbon on surface 

going to body: 4 pieces of linen each wrapped around body numerous times:
outer layer w/ 3cm fringe, piece 117cm wide
next layer has 10cm fringe
3rd layer has 16cm fringe
4th layer has shorter fringe of 3cm

Face bundle - multiple red ribbon wraps
3 packets of triple-fold linen (fold in half then lengthwise in thirds) NO TWISTED LINEN - packets tied w/ twine - red ribbon = 4-strand red ribbon knotted @ foot , to use as beginning of diagonal wrap - one ribbon going down top of body FULL - length

ribbon down middle around feet & then back up in diagonal wrap
1 layer - medium qualtiy outer wrap 2 red threads open weave, 2 red threads pattern often seen  | |
                                                 | |
5 piece of linen - multiple folds for each linen strips torn -",126,18,,Undetermined,0,Female,,0,0,3,0,0,0,0,,,,,,,,,,,,,,3,0,3,3,0,3,3,,0,0,0,0,0,0,0,0,0,,Brown,II,FALSE,FALSE,FALSE,FALSE,FALSE,,FALSE,,,II,2nd molar,"not pre-molar eruption
3rd molar in bone but no space for eruption in maxilla - - there is room in the mandible",No,2005,Feb,15,WestN 190/200  E 40/50  SW #19,N,E,190,200,40,50,SW,71,52,20,46,-57,"Palm fiber on face - to give definintion?

Textile: coarse outer linen wrap w/ 10cm long fringe
2 layers torn linen strips wrapped over outerlayer - diagonal wrap",113,19,,Undetermined,0,Undetermined,,0,0,0,0,0,0,0,,,,,,,,,,,,,,0,0,0,0,0,0,0,,0,0,0,0,0,0,0,0,0,,,,FALSE,FALSE,FALSE,FALSE,FALSE,,FALSE,,,,"1st,2nd molar",,,2005,Feb,13,WestN 190/200  E 40/50  SW #20,N,E,190,200,40,50,SW,126,271,263,105,-27,"CHILD

Textile: coarse outer layer
linen strips (torn) folded in half and wrapped diagonally over outerlayer - multiple layers below
2 knots @ feet - at least 5 layers",120,20,,Undetermined,0,Female,,0,0,0,0,0,0,0,,,,,,,,,,,,,,3,3,3,3,3,3,3,,0,0,0,0,0,0,0,0,0,,Brown,III,FALSE,FALSE,FALSE,FALSE,FALSE,,FALSE,,,,"1st,2nd molars",,No,2005,Feb,13,WestN 190/200  E 40/50  SW #21,N,E,190,200,40,50,SW,122,262,259,127,-20,"Buried beneath SW20 - both partially covered w/ limestone slabs

Textile: linen wrap has 2cm fringe then 2 red threads woven into cloth, then open weave & 2 red threads again - linen 67cm wide - then linen w/ linen strips (torn) over inner layers

red ribbon, 4-strand, over the face 
1 fine layer outeside 
2 layers of coarse weave inside
beautiful ribbon wrapping over lower body
ribbon down body, around front, & then up body in diagonal - -
4 major pieces of linen folded twice over body & then folded over feet to back.",145,21,,Undetermined,0,Female,,0,0,3,0,0,0,0,,,,,,,,,,,,,,3,3,3,3,0,0,3,,0,0,0,0,0,0,0,0,0,,Brown,III,FALSE,FALSE,FALSE,FALSE,FALSE,,FALSE,,,II,2nd molars,some perio - 1st molar on left - carries on medial of upperr 1st molar,No,2005,Feb,13,WestN 190/200  E 40/50  SW #23,N,E,190,200,40,50,SW,77,321,326,583,464,"Hair: almost 4cm long

Skull: skull fragmented

Textile: 4 layers - coarse fabric (fringe 10cm long)
4-strand red ribbon = over all good quality
fine linen next to skin - 3 layers no decorations

Skin: skin & tendons still extant on ankles",121,23,,Undetermined,0,Undetermined,,0,0,0,0,0,0,0,,,,,,,,,,,,,,0,0,3,0,0,0,0,,0,0,0,0,0,0,0,0,0,,Brown,V,FALSE,FALSE,FALSE,FALSE,FALSE,,FALSE,,,II,2nd molars,no adult teeth,No,2005,Feb,13,WestN 190/200  E 40/50  SW #24,N,E,190,200,40,50,SW,70,42,15,205,92,"Hair: nice RED hair

Skin: very waxy skin on cranium & feet

Textile: some palm stems supporting body
fine linen outer wrap
multiple coarse weave layers underneath
design layer
10 layers of coarse linen underneath design layer
some decors - photographed - 2 kinds of colored ribbon = red & perhaps purple

Design layers: 3 flower plant - like lotus - over forehead
fragile hairnet - photographed - went over the eyes down to mouth.",170,24,,Undetermined,0,Female,,0,0,3,0,0,0,0,,42.2,40.2,,,,,,,,44.5,31.4,,0,3,3,3,3,3,3,,0,0,0,0,0,0,0,0,0,,Red,III,FALSE,FALSE,FALSE,FALSE,FALSE,,FALSE,,164.015,,2nd molars,,,2005,Feb,15,WestN 190/200  E 40/50  SW #25,N,E,190,200,40,50,SW,75,148,183,438,271,"Hair: long brown hair

Textile: hairnet in poor condition - group of hairnets bunched up = blue, gold, w/ red threads woven into them - from where? head, feet?

Many layers of line linen close to body - badly DECOMPOSED cannont count
3 layers fine linen outside - then folded irregularly fine linen, good hem - green, red, green lines woven into cloth - narrow, wide narrow, etc...",159,25,,Undetermined,0,Undetermined,,0,0,0,0,0,0,0,,,,,,,,,,,,,,0,0,0,0,0,0,0,,0,0,0,0,0,0,0,0,0,"buried with rings, leather strap etc..",Brown,,FALSE,FALSE,FALSE,FALSE,FALSE,,TRUE,,,,3rd molar,no perio - only a couple of carries,,2005,Feb,15,WestN 190/200  E 40/50  SW #27,N,E,190,200,40,50,SW,245,300,287,116,-52,"Preservation Index: between V & VI

Textile: torn linen strips over outer medium coarse linen - 8 layers poorly preserved",176,27,,Undetermined,0,Male,,0,0,1,0,0,0,0,,46.7,40.5,,,,,,,,42.1,30.1,,1,1,1,0,0,1,1,,0,0,0,0,0,0,0,0,0,,Brown,VI,FALSE,FALSE,FALSE,FALSE,FALSE,,FALSE,,163.202,V,3rd molar,perio - rampant,,2005,Feb,14,WestN 190/200  E 40/50  SW #28,N,E,190,200,40,50,SW,110,140,164,430,270,"Hair: brown slightly curly hair - beard a lot

Textile: 1st layer medium quality linen - torn strips NOT diagonal
then 5 layers of medium coarse weave torn ribbon strips of linen
4 more layers of medium coarse linen
4-strand red ribbon diagonal wrap over feet bundle
10cm long fringe on linen folded over feet 
layer closest to body = differing weave w/ 20cm long fringe (folded 5 times around feet)",169,28,,Undetermined,0,Male,,0,1,1,0,0,0,0,,46.5,42.1,,,,,,,,43.5,32.4,,1,1,1,0,1,1,1,,0,0,0,0,0,0,0,0,0,,Brown,III,FALSE,FALSE,FALSE,FALSE,FALSE,,FALSE,,166.45,III,3rd molars,"no perio, no carries",,2005,Feb,14,WestN 190/200  E 40/50  SW #29,N,E,190,200,40,50,SW,150,148,166,-78,57,"REVERSAL - skeletalized

Preservation Index: between V & VI

Hair: 4-5cm long

Textile: medium quality fabric, perhaps 5 layers once.",157,29,,Undetermined,0,Undetermined,,0,3,3,0,0,0,0,,40.4,36.1,,,,,,,,39,27.1,,0,1,1,0,0,1,3,,0,0,0,0,0,0,0,0,0,,Blonde,VI,FALSE,FALSE,FALSE,FALSE,FALSE,,FALSE,,150.43,IV,,,,2005,Feb,14,EastN 190/200  E 40/50  SW #3,N,E,190,200,40,50,SW,38,303,310,390,265,"Bundle of reeds (6 or more) under body

Textile: 3 strand red ribbon over face - rope criss-cross over face then twine & coarse outer layer - blue decorative pattern woven into next linen layer - rounded w/ crossing linen bands through rounded - then another design - outer wrap then rop diagonal (criss-cross) tie over next layer

-------------------- red  \
 ||||||||||||||||||||||||    blue  > 2 red threads like a border along design
-------------------- red  /

Face bundle: bound w/ twine rope - knot on top - coarse linen weave w/ red & blue wool thread pattern in it.",125,3,,Undetermined,0,Undetermined,,0,0,0,0,0,0,0,,,,,,,,,,,,,,0,0,0,0,0,0,0,,0,0,0,0,0,0,0,0,0,Bronze (GOLD)  bracelet (left arm),,,FALSE,FALSE,FALSE,FALSE,FALSE,,TRUE,,,II,2nd molar,,,2005,Feb,3,WestN 190/200  E 40/50  SW #30,N,E,190,200,40,50,SW,240,98,77,99,-74,"Hair: brown & curly

Textile: coarse linen wrap @ feet 4 or more layers - 2 fine layers beneath",189,30,,Undetermined,0,Male,,0,0,0,0,0,0,0,,47.9,43.2,,,,,,,,46.2,32.9,,0,0,1,1,1,1,1,,0,0,0,0,0,0,0,0,0,,Brown,V,FALSE,FALSE,FALSE,FALSE,FALSE,,FALSE,,172.714,IV,3rd molars,"Tooth attrition: between III & IV

great mouth - no perio - good teeth but worn",,2005,Feb,15,WestN 190/200  E 40/50  SW #31,N,E,190,200,40,50,SW,138,255,297,378,212,"Textile: partial fabric on feet - 10 layers inside medium quality
4 layers medium quality outside
torn linen strips wrapping - 2cm wide",179,31,,Undetermined,0,Male,,0,3,3,0,0,0,0,,47.8,44.5,,,,,,,,46.7,34,,1,1,1,1,1,1,1,,0,0,0,0,0,0,0,0,0,,,V,FALSE,FALSE,FALSE,FALSE,FALSE,,FALSE,,173.874,IV,3rd molar,"Tooth attririon: between III & IV

much perio - no carries",,2005,Feb,15,WestN 190/200  E 40/50  SW #32,N,E,190,200,40,50,SW,111,159,150,443,275,"Textile: 4-strand red ribbon wrap - diagonal wrap
outside wrap = medium quality weave 
torn linen strips - 2cm wide over coarse inner layer - diagonal 5 layers of coarse 
then another torn linen strips horizontal arounf body - 3 more layers coarse then linen strips horizontal wrap
 4 layers coarse

face bundle - structured - multiple bundles of folded linen (6 of them) ""no twisted"" linen - red thread near top of face bundle.",171,32,,Undetermined,0,Male,,0,1,1,0,0,0,0,,46.3,43.1,,,,,,,,44.1,32.1,,1,1,3,1,1,1,3,,0,0,0,0,0,0,0,0,0,,Brown,,FALSE,FALSE,FALSE,FALSE,FALSE,,FALSE,,167.842,III,3rd molar,maloclusion - some perio,,2005,Feb,15,WestN 190/200  E 40/50  SW #33,N,E,190,200,40,50,SW,106,115,121,437,288,"One of a trio - this one buried on top of SW34

Presevation Index: between II & III

Hair: long brown hair curled

Textile: lots of textiles on burial
torn line strips in diagonal wrap, medium quality outer wrap
rough linen strips -
then medium quality linen w/ nice red thread (folded so that red thread directly over feet - red thread also centered over middle of body)

4 pieces of linen wrapped over & over again - 
1st = foot structure made large by folding linen over feet
2nd = then coarse plain linen
3rd = another "" "" "" "" 
4th = another "" "" "" ""

Face bundle -",160,33,,Undetermined,0,Female,,0,0,3,0,0,0,0,,43.4,39.2,,,,,,,,41.8,30,,3,3,3,3,3,3,3,,0,0,0,0,0,0,0,0,0,,Brown,III,FALSE,FALSE,FALSE,FALSE,FALSE,,FALSE,,157.346,,2nd molar,no carries - some perio esp. upper left maxilla,,2005,Feb,15,WestN 190/200  E 40/50  SW #34,N,E,190,200,40,50,SW,126,97,89,433,297,"Part of trio - buried underneath SW33

Hair: long brown hair

Textile: 14 layers coarse linen - torn strips over wrapping 3cm wide
3 layers of fine linen inside",145,34,,Undetermined,0,Female,,0,0,0,3,0,0,0,,,,,,,,,,,,,,3,3,3,0,3,3,3,,0,0,0,0,0,0,0,0,0,,Brown,IV,FALSE,FALSE,FALSE,FALSE,FALSE,,FALSE,,,II,2nd molar,,No,2005,Feb,15,WestN 190/200  E 40/50  SW #36,N,E,190,200,40,50,SW,227,146,136,363,190,"Offset chamber - POOR PRESERVED

Hair: dark brown

Textile: fragments of medium quality linen

Injuries - left arm broken then healed , skull has some trauma on left side",178,36,,Undetermined,0,Male,,0,1,1,0,0,0,0,,44.5,41.8,,,,,,,,42.7,32.3,,1,1,1,1,1,0,1,,0,0,0,0,0,0,0,0,0,,Brown,V,FALSE,FALSE,FALSE,FALSE,FALSE,,FALSE,,164.594,III,,"no carries - some perio

lower 2nd molar extruded because opposite upper molar was gone",,2005,Feb,15,WestN 190/200  E 40/50  SW #37,N,E,190,200,40,50,SW,127,443,392,506,371,"Hair: drak brown hair - VERY TIGHTLY curled

BIG EYE SOCKETS - VERY WIDE BONE BETWEEN EYES

Textile: coarse fragments of textiles - 
2 coarse outer layers
2 fine inner layers
torn linen strip wraps 2cm wide.",152,37,,Undetermined,0,Male,,0,1,1,0,0,0,0,,46.1,42.5,,,,,,,,42,30.6,,0,1,1,1,1,1,1,,0,0,0,0,0,0,0,0,0,,Brown,V,FALSE,FALSE,FALSE,FALSE,FALSE,,FALSE,,217.07,V,3rd molars,"Tooth attrition: between IV & V

extinsive carries - loss of bone in molar region - 2nd on LR mandible nearly gone from decay",,2005,Feb,15,WestN 190/200  E 40/50  SW #38,N,E,190,200,40,50,SW,117,448,432,99,-50,"Hair: blond/brown

Textile: coarse outer layer of linen, overlaid w/ torn linen strips 2cm wide
5 layers total - all the same to the skin
non-structured material in foot bundle w/ 2cm fringe.",151,38,,Undetermined,0,Female,,0,3,3,0,0,0,0,,40.9,,,,,,,,,41.2,,,3,3,3,0,0,0,1,,0,0,0,0,0,0,0,0,0,,Blonde,V,FALSE,FALSE,FALSE,FALSE,FALSE,,FALSE,,155.864,IV,2nd molar,perio took almost all teeth from mandible - only front teeth in mandible,,2005,Feb,15,WestN 190/200  E 40/50  SW #4,N,E,190,200,40,50,SW,65,112,133,50,-13,"CHILD buried w/ SW#5 - another child

Hair: blond/red - reddish auburn

Textile: coarse linen - body filled w/ sand - braided linen beneath outer layer - yellow coarse linen underlayer

4 reeds under body - full length",82,4,,Undetermined,0,Undetermined,,0,0,0,0,0,0,0,,,,,,,,,,,,,,0,0,0,0,0,0,0,,0,0,0,0,0,0,0,0,0,,Blonde,,FALSE,FALSE,FALSE,FALSE,FALSE,,FALSE,,,,all pre-molars,all pre-molars (maxilla & mandible),,2005,Feb,9,WestN 190/200  E 40/50  SW #5,N,E,190,200,40,50,SW,65,102,90,25,-58,"CHILD buried w/ SW#4 - another child

Textile: decorative threads in textiles - red - coarse outer layer w/ 

4 strand red ribbon - inner layer not well preserved 

Face bundle: face bundle w/ twisted then over face  = <>
                                                                                       <>
                                                                                       <>
                                                                                       <>
                                                                                       <>
                                                                                       /\",90,5,,Undetermined,0,Undetermined,,0,0,0,0,0,0,0,,,,,,,,,,,,,,0,0,0,0,0,0,0,,0,0,0,0,0,0,0,0,0,"Jewelry - some beads (glass)
-bronze earings for pieced ears
-beads on leather string (8 beads 1 pearl)",Brown,V,FALSE,FALSE,FALSE,FALSE,FALSE,,TRUE,,,I,1st molars,,,2005,Feb,5,WestN 190/200  E 40/50  SW #6,N,E,190,200,40,50,SW,80,385,390,303,132,"Buried w/ SW#7 - a child

Hair: brown curly

Palm frond stems for body support (7 of them)

Textile: textiles on feet - big toes tied together to keep feet together - tied w/ a looped slip knot
 - some red thread over patella in linen

Face bundle - thick palm fiber mass -bound w/ plain ribbon then wadded linen - all for mass",169,6,,Undetermined,0,Male,,0,0,1,0,0,0,0,,,,,,,,,,,,,,1,0,1,0,1,0,1,,0,0,0,0,0,0,0,0,0,,Brown,IV,FALSE,FALSE,FALSE,FALSE,FALSE,,FALSE,,,II,2nd molars,,No,2005,Feb,12,WestN 190/200  E 40/50  SW #7,N,E,190,200,40,50,SW,80,404,410,220,130,"CHILD

Hair: red-brown

Textile: burlap quality weave - long fringe on inner layer (18cm long)

coarse outer wrap - held on by torn linen strips folded around body
next linen layer also held on by torn linen strips - diagonal tied at feet - palm sticks inside layers to give support

4 strand red ribbon - not neat but diagonal wrapping knot at waist

Face bundle - cloth encrusted with salt and attached to body - held to body by 2 wraps of torn linen strips - palm fiber bundle tied w/ twine - 3 bundles of fiber folded & twisted once, 1 bundle folded & twisted (as w/ linen) ->  <>
                                                   <>
                                                   <>
                                                   /\",90,7,,Undetermined,0,Female,,0,0,0,0,0,0,0,,,,,,,,,,,,,,3,3,3,3,3,0,0,,0,0,0,0,0,0,0,0,0,,Red,II,FALSE,FALSE,FALSE,FALSE,FALSE,,FALSE,,,,2nd molar,,,2005,Feb,14,WestN 190/200  E 40/50  SW #8,N,E,190,200,40,50,SW,35,112,124,430,295,"Big toes tied together - palm stems along back of body for support

Lots of rope wrapping over 3 layers of coarse linen - rope = 2 strands but a pair used for wrapping

2nd layer has a 2 strand rope - singles this time, holding next layer around body twist on itself, down body 20cm, twist on itself, 20cm down body , twists on itself, etc..",133,8,,Undetermined,0,Undetermined,,0,0,0,0,0,0,0,,,,,,,,,,,,,,0,0,0,0,0,0,0,,0,0,0,0,0,0,0,0,0,,,II,FALSE,FALSE,FALSE,FALSE,FALSE,,FALSE,,,,,,,2005,Feb,8,WestN 190/200  E 40/50  SW #9,N,E,190,200,40,50,SW,55,187,187,423,384,"INFANT 0-6mo.

Textile: twisted rope bundled on outside - palm fiber decorative weave on lots of textiles - linen & wool - decorative hem on cloth

skull fragments",40,9,,Undetermined,0,Undetermined,,0,0,0,0,0,0,0,,,,,,,,,,,,,,0,0,0,0,0,0,0,,0,0,0,0,0,0,0,0,0,Fine glass fragments associated w/ burial,,,FALSE,FALSE,FALSE,FALSE,FALSE,,TRUE,0.5,,,None,,,2005,Feb,9,WestN 200/210  E 20/30  SE #1,N,E,200,210,20,30,SE,55,167,179,173,110,Child,77,1,,Undetermined,0,,,0,0,0,0,0,0,0,,,,,,,,,,,,,,0,0,0,0,0,0,0,,0,0,0,0,0,0,0,0,0,,,,FALSE,FALSE,FALSE,FALSE,FALSE,,FALSE,,,,,,,1998,,,N 200/210  E 20/30  SE #10,N,E,200,210,20,30,SE,92,367,424,323,160,"burials 6 & 10 together, 6 over left shoulder & touching 10, both wrapped, ribbons, face bundles",174,10,,Undetermined,0,,,0,0,0,0,0,0,0,,,,,,,,,,,,,,0,0,0,0,0,0,0,,0,0,0,0,0,0,0,0,0,,,,FALSE,FALSE,FALSE,FALSE,FALSE,,FALSE,,,,,,,1998,,,N 200/210  E 20/30  SE #11,N,E,200,210,20,30,SE,90,387,400,165,65,,110,11,,Undetermined,0,,,0,0,0,0,0,0,0,,,,,,,,,,,,,,0,0,0,0,0,0,0,,0,0,0,0,0,0,0,0,0,,,,FALSE,FALSE,FALSE,FALSE,FALSE,,FALSE,,,,,,,1998,,,N 200/210  E 20/30  SE #2,N,E,200,210,20,30,SE,56,144,202,282,153,Adult (?) - Feet missing,165,2,,Undetermined,0,,,0,0,0,0,0,0,0,,,,,,,,,,,,,,0,0,0,0,0,0,0,,0,0,0,0,0,0,0,0,0,,,,FALSE,FALSE,FALSE,FALSE,FALSE,,FALSE,,,,,,,1998,,,N 200/210  E 20/30  SE #3,N,E,200,210,20,30,SE,72,134,124,383,315,Child,67,3,,Undetermined,0,,,0,0,0,0,0,0,0,,,,,,,,,,,,,,0,0,0,0,0,0,0,,0,0,0,0,0,0,0,0,0,,,,FALSE,FALSE,FALSE,FALSE,FALSE,,FALSE,,,,,,,1998,,,N 200/210  E 20/30  SE #4,N,E,200,210,20,30,SE,60,84,102,287,228,,61,4,,Undetermined,0,,,0,0,0,0,0,0,0,,,,,,,,,,,,,,0,0,0,0,0,0,0,,0,0,0,0,0,0,0,0,0,,,,FALSE,FALSE,FALSE,FALSE,FALSE,,FALSE,,,,,,,1998,,,N 200/210  E 20/30  SE #5,N,E,200,210,20,30,SE,95,287,303,410,269,,149,5,,Undetermined,0,,,0,0,0,0,0,0,0,,,,,,,,,,,,,,0,0,0,0,0,0,0,,0,0,0,0,0,0,0,0,0,,,,FALSE,FALSE,FALSE,FALSE,FALSE,,FALSE,,,,,,,1998,,,N 200/210  E 20/30  SE #6,N,E,200,210,20,30,SE,85,382,430,340,169,"burials 6 & 10 together, 6 over left shoulder & touching 10, both wrapped, ribbons, face bundles",180,6,,Undetermined,0,,,0,0,0,0,0,0,0,,,,,,,,,,,,,,0,0,0,0,0,0,0,,0,0,0,0,0,0,0,0,0,,,,FALSE,FALSE,FALSE,FALSE,FALSE,,FALSE,,,,,,,1998,,,N 200/210  E 20/30  SE #7,N,E,200,210,20,30,SE,84,322,349,117,-36,,178,7,,Undetermined,0,,,0,0,0,0,0,0,0,,,,,,,,,,,,,,0,0,0,0,0,0,0,,0,0,0,0,0,0,0,0,0,,,,FALSE,FALSE,FALSE,FALSE,FALSE,,FALSE,,,,,,,1998,,,N 200/210  E 20/30  SE #8,N,E,200,210,20,30,SE,40,190,190,34,-9,,42,8,,Undetermined,0,,,0,0,0,0,0,0,0,,,,,,,,,,,,,,0,0,0,0,0,0,0,,0,0,0,0,0,0,0,0,0,,,,FALSE,FALSE,FALSE,FALSE,FALSE,,FALSE,,,,,,,1998,,,N 200/210  E 20/30  SE #9,N,E,200,210,20,30,SE,98,78,118,112,-78,,182,9,9,Female,848.3818,,,0,0,0,0,0,0,0,,,,,,,,,,,,,,0,0,0,0,0,0,0,,179.06,134.64,129.37,95,89.3,118.11,66.36,23.84,22.51,,,,FALSE,FALSE,FALSE,FALSE,FALSE,,FALSE,,,,,,,1998,,,
